individualID,plotID,eventID,avg_height,n_stems
NEON.PLA.D08.TALL.00126,TALL_047,vst_TALL_2018,1.8,1
NEON.PLA.D08.TALL.00134,TALL_047,vst_TALL_2018,NA,1
NEON.PLA.D08.TALL.00136,TALL_047,vst_TALL_2018,NA,1
NEON.PLA.D08.TALL.00137,TALL_047,vst_TALL_2018,2.1,2
NEON.PLA.D08.TALL.00138,TALL_047,vst_TALL_2018,4.5,1
NEON.PLA.D08.TALL.00139,TALL_047,vst_TALL_2018,6.5,1
NEON.PLA.D08.TALL.00143,TALL_047,vst_TALL_2018,2.1,1
NEON.PLA.D08.TALL.00145,TALL_047,vst_TALL_2018,1,1
NEON.PLA.D08.TALL.00156,TALL_047,vst_TALL_2018,1.7,1
NEON.PLA.D08.TALL.00162,TALL_047,vst_TALL_2018,NA,1
NEON.PLA.D08.TALL.00169,TALL_047,vst_TALL_2018,NA,1
NEON.PLA.D08.TALL.00170,TALL_047,vst_TALL_2018,NA,1
NEON.PLA.D08.TALL.00175,TALL_047,vst_TALL_2018,6.1,1
NEON.PLA.D08.TALL.00179,TALL_047,vst_TALL_2018,1.4,1
NEON.PLA.D08.TALL.00182,TALL_047,vst_TALL_2018,NA,1
NEON.PLA.D08.TALL.00189,TALL_047,vst_TALL_2018,2.2,2
NEON.PLA.D08.TALL.00213,TALL_047,vst_TALL_2018,22,1
NEON.PLA.D08.TALL.00214,TALL_047,vst_TALL_2018,12.8,1
NEON.PLA.D08.TALL.00215,TALL_047,vst_TALL_2018,17.7,1
NEON.PLA.D08.TALL.00217,TALL_047,vst_TALL_2018,25.8,1
NEON.PLA.D08.TALL.00218,TALL_047,vst_TALL_2018,10.4,1
NEON.PLA.D08.TALL.00219,TALL_047,vst_TALL_2018,24.3,1
NEON.PLA.D08.TALL.00221,TALL_047,vst_TALL_2018,12.2,1
NEON.PLA.D08.TALL.00223,TALL_047,vst_TALL_2018,11.5,1
NEON.PLA.D08.TALL.00225,TALL_047,vst_TALL_2018,26.2,1
NEON.PLA.D08.TALL.00226,TALL_047,vst_TALL_2018,15,1
NEON.PLA.D08.TALL.00227,TALL_047,vst_TALL_2018,19.6,1
NEON.PLA.D08.TALL.00229,TALL_047,vst_TALL_2018,26,1
NEON.PLA.D08.TALL.00229A,TALL_047,vst_TALL_2018,5.5,1
NEON.PLA.D08.TALL.00231,TALL_047,vst_TALL_2018,26.2,1
NEON.PLA.D08.TALL.00233,TALL_047,vst_TALL_2018,24.4,1
NEON.PLA.D08.TALL.00235,TALL_047,vst_TALL_2018,26.7,1
NEON.PLA.D08.TALL.00236,TALL_047,vst_TALL_2018,26.2,1
NEON.PLA.D08.TALL.00248,TALL_047,vst_TALL_2018,29.8,1
NEON.PLA.D08.TALL.00256,TALL_047,vst_TALL_2018,27.1,1
NEON.PLA.D08.TALL.00257,TALL_047,vst_TALL_2018,24.9,1
NEON.PLA.D08.TALL.00258,TALL_047,vst_TALL_2018,11.6,1
NEON.PLA.D08.TALL.00259,TALL_047,vst_TALL_2018,18.1,1
NEON.PLA.D08.TALL.00260,TALL_047,vst_TALL_2018,23.2,1
NEON.PLA.D08.TALL.00261,TALL_047,vst_TALL_2018,25,1
NEON.PLA.D08.TALL.00262,TALL_047,vst_TALL_2018,21.3,1
NEON.PLA.D08.TALL.00263,TALL_047,vst_TALL_2018,26.4,1
NEON.PLA.D08.TALL.00264,TALL_047,vst_TALL_2018,22.4,1
NEON.PLA.D08.TALL.00265,TALL_047,vst_TALL_2018,17.9,1
NEON.PLA.D08.TALL.00266,TALL_047,vst_TALL_2018,13.7,1
NEON.PLA.D08.TALL.00271,TALL_047,vst_TALL_2018,17.9,1
NEON.PLA.D08.TALL.00272,TALL_047,vst_TALL_2018,8.5,1
NEON.PLA.D08.TALL.00275,TALL_047,vst_TALL_2018,18.6,1
NEON.PLA.D08.TALL.00276,TALL_047,vst_TALL_2018,23.5,1
NEON.PLA.D08.TALL.00277,TALL_047,vst_TALL_2018,22.7,1
NEON.PLA.D08.TALL.00278,TALL_047,vst_TALL_2018,11.7,1
NEON.PLA.D08.TALL.00280,TALL_060,vst_TALL_2018,1.3,1
NEON.PLA.D08.TALL.00281,TALL_060,vst_TALL_2018,1.3,1
NEON.PLA.D08.TALL.00282,TALL_060,vst_TALL_2018,2.6,1
NEON.PLA.D08.TALL.00286,TALL_060,vst_TALL_2018,1,1
NEON.PLA.D08.TALL.00287,TALL_060,vst_TALL_2018,NA,1
NEON.PLA.D08.TALL.00289,TALL_060,vst_TALL_2018,1.2,1
NEON.PLA.D08.TALL.00290,TALL_060,vst_TALL_2018,6,1
NEON.PLA.D08.TALL.00292,TALL_060,vst_TALL_2018,NA,1
NEON.PLA.D08.TALL.00294,TALL_060,vst_TALL_2018,10.7,1
NEON.PLA.D08.TALL.00295,TALL_060,vst_TALL_2018,10.7,1
NEON.PLA.D08.TALL.00299,TALL_060,vst_TALL_2018,1.5,1
NEON.PLA.D08.TALL.00300,TALL_060,vst_TALL_2018,2.3,1
NEON.PLA.D08.TALL.00312,TALL_060,vst_TALL_2018,7.2,1
NEON.PLA.D08.TALL.00313,TALL_060,vst_TALL_2018,5.6,1
NEON.PLA.D08.TALL.00314,TALL_060,vst_TALL_2018,0.9,1
NEON.PLA.D08.TALL.00315,TALL_060,vst_TALL_2018,NA,1
NEON.PLA.D08.TALL.00316,TALL_060,vst_TALL_2018,2.8,1
NEON.PLA.D08.TALL.00317,TALL_060,vst_TALL_2018,NA,1
NEON.PLA.D08.TALL.00318,TALL_060,vst_TALL_2018,3.6,1
NEON.PLA.D08.TALL.00319,TALL_060,vst_TALL_2018,4.6,1
NEON.PLA.D08.TALL.00320,TALL_060,vst_TALL_2018,3.6,1
NEON.PLA.D08.TALL.00321,TALL_060,vst_TALL_2018,6.9,1
NEON.PLA.D08.TALL.00322,TALL_060,vst_TALL_2018,NA,1
NEON.PLA.D08.TALL.00323,TALL_060,vst_TALL_2018,3.7,1
NEON.PLA.D08.TALL.00326,TALL_060,vst_TALL_2018,1.6,1
NEON.PLA.D08.TALL.00327,TALL_060,vst_TALL_2018,1.6,1
NEON.PLA.D08.TALL.00329,TALL_060,vst_TALL_2018,3.1,1
NEON.PLA.D08.TALL.00330,TALL_060,vst_TALL_2018,2,1
NEON.PLA.D08.TALL.00331,TALL_060,vst_TALL_2018,3.5,3
NEON.PLA.D08.TALL.00332,TALL_060,vst_TALL_2018,5.8,1
NEON.PLA.D08.TALL.00333,TALL_060,vst_TALL_2018,8.3,1
NEON.PLA.D08.TALL.00336,TALL_060,vst_TALL_2018,1.6,1
NEON.PLA.D08.TALL.00338,TALL_060,vst_TALL_2018,1.9,1
NEON.PLA.D08.TALL.00339,TALL_060,vst_TALL_2018,1.4,1
NEON.PLA.D08.TALL.00340,TALL_060,vst_TALL_2018,2.3,1
NEON.PLA.D08.TALL.00343,TALL_060,vst_TALL_2018,2.8,1
NEON.PLA.D08.TALL.00344,TALL_060,vst_TALL_2018,3.2,1
NEON.PLA.D08.TALL.00347,TALL_060,vst_TALL_2018,2.4,1
NEON.PLA.D08.TALL.00348,TALL_060,vst_TALL_2018,1.6,1
NEON.PLA.D08.TALL.00350,TALL_060,vst_TALL_2018,8.4,1
NEON.PLA.D08.TALL.00353,TALL_060,vst_TALL_2018,7.9,2
NEON.PLA.D08.TALL.00354,TALL_060,vst_TALL_2018,13.6,1
NEON.PLA.D08.TALL.00355,TALL_060,vst_TALL_2018,6.5,1
NEON.PLA.D08.TALL.00356,TALL_060,vst_TALL_2018,1,1
NEON.PLA.D08.TALL.00357,TALL_060,vst_TALL_2018,1.8,1
NEON.PLA.D08.TALL.00358,TALL_060,vst_TALL_2018,NA,1
NEON.PLA.D08.TALL.00359,TALL_060,vst_TALL_2018,NA,1
NEON.PLA.D08.TALL.00360,TALL_060,vst_TALL_2018,7,1
NEON.PLA.D08.TALL.00361,TALL_060,vst_TALL_2018,NA,1
NEON.PLA.D08.TALL.00362,TALL_060,vst_TALL_2018,1.3,1
NEON.PLA.D08.TALL.00363,TALL_060,vst_TALL_2018,3.9,1
NEON.PLA.D08.TALL.00364,TALL_060,vst_TALL_2018,1.1,1
NEON.PLA.D08.TALL.00365,TALL_060,vst_TALL_2018,NA,1
NEON.PLA.D08.TALL.00366,TALL_060,vst_TALL_2018,10.1,2
NEON.PLA.D08.TALL.00368,TALL_060,vst_TALL_2018,2,1
NEON.PLA.D08.TALL.00369,TALL_060,vst_TALL_2018,2.1,1
NEON.PLA.D08.TALL.00370,TALL_060,vst_TALL_2018,7.7,1
NEON.PLA.D08.TALL.00371,TALL_060,vst_TALL_2018,2.1,1
NEON.PLA.D08.TALL.00372,TALL_060,vst_TALL_2018,8.7,1
NEON.PLA.D08.TALL.00373,TALL_060,vst_TALL_2018,1.1,1
NEON.PLA.D08.TALL.00375,TALL_060,vst_TALL_2018,4.5,1
NEON.PLA.D08.TALL.00376,TALL_060,vst_TALL_2018,2.1,1
NEON.PLA.D08.TALL.00378,TALL_060,vst_TALL_2018,10.8,1
NEON.PLA.D08.TALL.00379,TALL_060,vst_TALL_2018,NA,1
NEON.PLA.D08.TALL.00382,TALL_060,vst_TALL_2018,6.8,1
NEON.PLA.D08.TALL.00384,TALL_060,vst_TALL_2018,8.5,1
NEON.PLA.D08.TALL.00392,TALL_060,vst_TALL_2018,9.2,1
NEON.PLA.D08.TALL.00394,TALL_060,vst_TALL_2018,1,2
NEON.PLA.D08.TALL.00400,TALL_060,vst_TALL_2018,3.5,1
NEON.PLA.D08.TALL.00401,TALL_060,vst_TALL_2018,3.2,1
NEON.PLA.D08.TALL.00402,TALL_060,vst_TALL_2018,6.9,1
NEON.PLA.D08.TALL.00403,TALL_060,vst_TALL_2018,3.6,1
NEON.PLA.D08.TALL.00405,TALL_060,vst_TALL_2018,6.8,1
NEON.PLA.D08.TALL.00406,TALL_060,vst_TALL_2018,25,1
NEON.PLA.D08.TALL.00408,TALL_060,vst_TALL_2018,NA,1
NEON.PLA.D08.TALL.00409,TALL_060,vst_TALL_2018,9.4,1
NEON.PLA.D08.TALL.00410,TALL_060,vst_TALL_2018,19.6,1
NEON.PLA.D08.TALL.00411,TALL_060,vst_TALL_2018,11.6,1
NEON.PLA.D08.TALL.00413,TALL_060,vst_TALL_2018,9.5,1
NEON.PLA.D08.TALL.00414,TALL_060,vst_TALL_2018,8.9,1
NEON.PLA.D08.TALL.00415,TALL_060,vst_TALL_2018,17.6,1
NEON.PLA.D08.TALL.00416,TALL_060,vst_TALL_2018,14.4,1
NEON.PLA.D08.TALL.00417,TALL_060,vst_TALL_2018,12.3,1
NEON.PLA.D08.TALL.00421,TALL_060,vst_TALL_2018,11.5,1
NEON.PLA.D08.TALL.00423,TALL_060,vst_TALL_2018,15.5,1
NEON.PLA.D08.TALL.00424,TALL_060,vst_TALL_2018,17.1,1
NEON.PLA.D08.TALL.00425,TALL_060,vst_TALL_2018,13.6,1
NEON.PLA.D08.TALL.00426,TALL_060,vst_TALL_2018,14.3,1
NEON.PLA.D08.TALL.00427,TALL_060,vst_TALL_2018,19.2,1
NEON.PLA.D08.TALL.00428,TALL_060,vst_TALL_2018,11,1
NEON.PLA.D08.TALL.00429,TALL_060,vst_TALL_2018,17.8,1
NEON.PLA.D08.TALL.00432,TALL_060,vst_TALL_2018,15.7,1
NEON.PLA.D08.TALL.00433,TALL_060,vst_TALL_2018,19.1,1
NEON.PLA.D08.TALL.00434,TALL_060,vst_TALL_2018,18.2,1
NEON.PLA.D08.TALL.00435,TALL_060,vst_TALL_2018,14.7,1
NEON.PLA.D08.TALL.00436,TALL_060,vst_TALL_2018,16.5,1
NEON.PLA.D08.TALL.00437,TALL_060,vst_TALL_2018,13,1
NEON.PLA.D08.TALL.00437B,TALL_060,vst_TALL_2018,13,1
NEON.PLA.D08.TALL.00438,TALL_060,vst_TALL_2018,11,1
NEON.PLA.D08.TALL.00438A,TALL_060,vst_TALL_2018,11,1
NEON.PLA.D08.TALL.00439,TALL_060,vst_TALL_2018,12.7,2
NEON.PLA.D08.TALL.00440A,TALL_060,vst_TALL_2018,19.3,2
NEON.PLA.D08.TALL.00441,TALL_060,vst_TALL_2018,15,1
NEON.PLA.D08.TALL.00442,TALL_060,vst_TALL_2018,13.2,1
NEON.PLA.D08.TALL.00443,TALL_060,vst_TALL_2018,NA,1
NEON.PLA.D08.TALL.00444,TALL_060,vst_TALL_2018,9.4,1
NEON.PLA.D08.TALL.00445,TALL_060,vst_TALL_2018,20.2,1
NEON.PLA.D08.TALL.00446,TALL_060,vst_TALL_2018,13.4,1
NEON.PLA.D08.TALL.00447,TALL_060,vst_TALL_2018,22.5,1
NEON.PLA.D08.TALL.00447A,TALL_060,vst_TALL_2018,22.5,1
NEON.PLA.D08.TALL.00448,TALL_060,vst_TALL_2018,19.7,1
NEON.PLA.D08.TALL.00449,TALL_060,vst_TALL_2018,9.4,1
NEON.PLA.D08.TALL.00450,TALL_060,vst_TALL_2018,23,1
NEON.PLA.D08.TALL.00451,TALL_060,vst_TALL_2018,13.7,1
NEON.PLA.D08.TALL.00452,TALL_046,vst_TALL_2018,18.4,1
NEON.PLA.D08.TALL.00453,TALL_046,vst_TALL_2018,15.7,1
NEON.PLA.D08.TALL.00454,TALL_046,vst_TALL_2018,13.3,1
NEON.PLA.D08.TALL.00455,TALL_046,vst_TALL_2018,15.4,1
NEON.PLA.D08.TALL.00456,TALL_046,vst_TALL_2018,1.6,1
NEON.PLA.D08.TALL.00457,TALL_046,vst_TALL_2018,14.4,1
NEON.PLA.D08.TALL.00458,TALL_046,vst_TALL_2018,13.9,1
NEON.PLA.D08.TALL.00460,TALL_046,vst_TALL_2018,17.3,1
NEON.PLA.D08.TALL.00461,TALL_046,vst_TALL_2018,18.4,1
NEON.PLA.D08.TALL.00462,TALL_046,vst_TALL_2018,11.4,1
NEON.PLA.D08.TALL.00463,TALL_046,vst_TALL_2018,16.3,1
NEON.PLA.D08.TALL.00464,TALL_046,vst_TALL_2018,11.6,1
NEON.PLA.D08.TALL.00465,TALL_046,vst_TALL_2018,14.6,1
NEON.PLA.D08.TALL.00466,TALL_046,vst_TALL_2018,13.4,1
NEON.PLA.D08.TALL.00467,TALL_046,vst_TALL_2018,6.6,1
NEON.PLA.D08.TALL.00468,TALL_046,vst_TALL_2018,14.3,1
NEON.PLA.D08.TALL.00473,TALL_046,vst_TALL_2018,8.2,1
NEON.PLA.D08.TALL.00475,TALL_046,vst_TALL_2018,16.9,1
NEON.PLA.D08.TALL.00477,TALL_046,vst_TALL_2018,16.5,1
NEON.PLA.D08.TALL.00478,TALL_046,vst_TALL_2018,20.2,1
NEON.PLA.D08.TALL.00479,TALL_046,vst_TALL_2018,17,1
NEON.PLA.D08.TALL.00480,TALL_046,vst_TALL_2018,9.7,1
NEON.PLA.D08.TALL.00481,TALL_046,vst_TALL_2018,18.8,1
NEON.PLA.D08.TALL.00482,TALL_046,vst_TALL_2018,21.1,1
NEON.PLA.D08.TALL.00483,TALL_046,vst_TALL_2018,16.5,1
NEON.PLA.D08.TALL.00484,TALL_046,vst_TALL_2018,13,1
NEON.PLA.D08.TALL.00484A,TALL_046,vst_TALL_2018,NA,1
NEON.PLA.D08.TALL.00485,TALL_046,vst_TALL_2018,18.3,1
NEON.PLA.D08.TALL.00487,TALL_046,vst_TALL_2018,13.1,1
NEON.PLA.D08.TALL.00488,TALL_046,vst_TALL_2018,17.5,1
NEON.PLA.D08.TALL.00489,TALL_046,vst_TALL_2018,12,1
NEON.PLA.D08.TALL.00491,TALL_046,vst_TALL_2018,15.6,1
NEON.PLA.D08.TALL.00492,TALL_046,vst_TALL_2018,14.3,1
NEON.PLA.D08.TALL.00493,TALL_046,vst_TALL_2018,18.8,1
NEON.PLA.D08.TALL.00494,TALL_046,vst_TALL_2018,15.9,1
NEON.PLA.D08.TALL.00496,TALL_046,vst_TALL_2018,9.8,1
NEON.PLA.D08.TALL.00502,TALL_048,vst_TALL_2018,NA,1
NEON.PLA.D08.TALL.00531,TALL_048,vst_TALL_2018,1.7,1
NEON.PLA.D08.TALL.00533,TALL_048,vst_TALL_2018,1.9,2
NEON.PLA.D08.TALL.00553,TALL_048,vst_TALL_2018,0.8,1
NEON.PLA.D08.TALL.00606,TALL_048,vst_TALL_2018,21.6,1
NEON.PLA.D08.TALL.00608,TALL_048,vst_TALL_2018,2.1,2
NEON.PLA.D08.TALL.00614,TALL_048,vst_TALL_2018,1,1
NEON.PLA.D08.TALL.00626,TALL_048,vst_TALL_2018,NA,1
NEON.PLA.D08.TALL.00627,TALL_048,vst_TALL_2018,2.5,1
NEON.PLA.D08.TALL.00646,TALL_049,vst_TALL_2018,1.5,1
NEON.PLA.D08.TALL.00647,TALL_046,vst_TALL_2018,17.5,1
NEON.PLA.D08.TALL.00648,TALL_046,vst_TALL_2018,17.4,1
NEON.PLA.D08.TALL.00650,TALL_046,vst_TALL_2018,8.8,1
NEON.PLA.D08.TALL.00659,TALL_046,vst_TALL_2018,13.2,1
NEON.PLA.D08.TALL.00660,TALL_046,vst_TALL_2018,9.6,1
NEON.PLA.D08.TALL.00664,TALL_048,vst_TALL_2018,18,1
NEON.PLA.D08.TALL.00670,TALL_048,vst_TALL_2018,17.9,1
NEON.PLA.D08.TALL.00673,TALL_048,vst_TALL_2018,21,1
NEON.PLA.D08.TALL.00674,TALL_046,vst_TALL_2018,8,1
NEON.PLA.D08.TALL.00678,TALL_046,vst_TALL_2018,8.9,1
NEON.PLA.D08.TALL.00679,TALL_048,vst_TALL_2018,20,1
NEON.PLA.D08.TALL.00681,TALL_048,vst_TALL_2018,15.5,1
NEON.PLA.D08.TALL.00699,TALL_048,vst_TALL_2018,17.5,1
NEON.PLA.D08.TALL.00700,TALL_048,vst_TALL_2018,21.3,1
NEON.PLA.D08.TALL.00702,TALL_042,vst_TALL_2018,8.1,1
NEON.PLA.D08.TALL.00704,TALL_042,vst_TALL_2018,NA,1
NEON.PLA.D08.TALL.00706,TALL_042,vst_TALL_2018,NA,4
NEON.PLA.D08.TALL.00710,TALL_042,vst_TALL_2018,1.5,2
NEON.PLA.D08.TALL.00714,TALL_042,vst_TALL_2018,NA,1
NEON.PLA.D08.TALL.00778,TALL_059,vst_TALL_2018,1.3,2
NEON.PLA.D08.TALL.00779,TALL_059,vst_TALL_2018,NA,1
NEON.PLA.D08.TALL.00780,TALL_059,vst_TALL_2018,NA,1
NEON.PLA.D08.TALL.00781,TALL_059,vst_TALL_2018,NA,1
NEON.PLA.D08.TALL.00782,TALL_059,vst_TALL_2018,NA,1
NEON.PLA.D08.TALL.00783,TALL_059,vst_TALL_2018,2.1,1
NEON.PLA.D08.TALL.00784,TALL_058,vst_TALL_2018,NA,1
NEON.PLA.D08.TALL.00785,TALL_058,vst_TALL_2018,NA,1
NEON.PLA.D08.TALL.00786,TALL_058,vst_TALL_2018,NA,1
NEON.PLA.D08.TALL.00792,TALL_057,vst_TALL_2018,12.4,1
NEON.PLA.D08.TALL.00798,TALL_042,vst_TALL_2018,NA,1
NEON.PLA.D08.TALL.00801,TALL_045,vst_TALL_2018,NA,1
NEON.PLA.D08.TALL.00802,TALL_045,vst_TALL_2018,NA,1
NEON.PLA.D08.TALL.00806,TALL_045,vst_TALL_2018,5.5,1
NEON.PLA.D08.TALL.01002,TALL_049,vst_TALL_2018,NA,1
NEON.PLA.D08.TALL.01022,TALL_049,vst_TALL_2018,NA,1
NEON.PLA.D08.TALL.01024,TALL_049,vst_TALL_2018,NA,1
NEON.PLA.D08.TALL.01035,TALL_049,vst_TALL_2018,0.5,1
NEON.PLA.D08.TALL.01113,TALL_049,vst_TALL_2018,1.7,1
NEON.PLA.D08.TALL.01117,TALL_049,vst_TALL_2018,NA,1
NEON.PLA.D08.TALL.01239,TALL_049,vst_TALL_2018,1.1,3
NEON.PLA.D08.TALL.01244,TALL_049,vst_TALL_2018,16.1,1
NEON.PLA.D08.TALL.01245,TALL_049,vst_TALL_2018,24.8,1
NEON.PLA.D08.TALL.01246,TALL_049,vst_TALL_2018,14.2,1
NEON.PLA.D08.TALL.01251,TALL_049,vst_TALL_2018,26.8,1
NEON.PLA.D08.TALL.01253,TALL_049,vst_TALL_2018,24.5,1
NEON.PLA.D08.TALL.01257,TALL_049,vst_TALL_2018,25.8,1
NEON.PLA.D08.TALL.01258,TALL_049,vst_TALL_2018,25.3,1
NEON.PLA.D08.TALL.01259,TALL_049,vst_TALL_2018,3.4,1
NEON.PLA.D08.TALL.01261,TALL_049,vst_TALL_2018,27.2,1
NEON.PLA.D08.TALL.01262,TALL_049,vst_TALL_2018,25.6,1
NEON.PLA.D08.TALL.01263,TALL_049,vst_TALL_2018,27.5,1
NEON.PLA.D08.TALL.01269,TALL_047,vst_TALL_2018,8.5,1
NEON.PLA.D08.TALL.01270,TALL_047,vst_TALL_2018,6.1,1
NEON.PLA.D08.TALL.01274,TALL_047,vst_TALL_2018,NA,1
NEON.PLA.D08.TALL.01294,TALL_047,vst_TALL_2018,NA,3
NEON.PLA.D08.TALL.01302,TALL_053,vst_TALL_2018,7.3,1
NEON.PLA.D08.TALL.01304,TALL_053,vst_TALL_2018,11.6,1
NEON.PLA.D08.TALL.01305,TALL_053,vst_TALL_2018,24.3,1
NEON.PLA.D08.TALL.01306,TALL_053,vst_TALL_2018,15.7,1
NEON.PLA.D08.TALL.01321,TALL_053,vst_TALL_2018,19.9,1
NEON.PLA.D08.TALL.01322,TALL_053,vst_TALL_2018,15.6,1
NEON.PLA.D08.TALL.01323,TALL_053,vst_TALL_2018,9.6,1
NEON.PLA.D08.TALL.01324,TALL_053,vst_TALL_2018,NA,1
NEON.PLA.D08.TALL.01325,TALL_053,vst_TALL_2018,31.9,1
NEON.PLA.D08.TALL.01326,TALL_053,vst_TALL_2018,10.1,1
NEON.PLA.D08.TALL.01327,TALL_053,vst_TALL_2018,28.6,1
NEON.PLA.D08.TALL.01328,TALL_053,vst_TALL_2018,27.7,1
NEON.PLA.D08.TALL.01329,TALL_053,vst_TALL_2018,29.5,1
NEON.PLA.D08.TALL.01355,TALL_048,vst_TALL_2018,1.8,5
NEON.PLA.D08.TALL.01356,TALL_048,vst_TALL_2018,1.4,3
NEON.PLA.D08.TALL.01366,TALL_048,vst_TALL_2018,1,2
NEON.PLA.D08.TALL.01368,TALL_048,vst_TALL_2018,1.5,4
NEON.PLA.D08.TALL.01372,TALL_048,vst_TALL_2018,NA,1
NEON.PLA.D08.TALL.01378,TALL_048,vst_TALL_2018,1.3,3
NEON.PLA.D08.TALL.01380,TALL_048,vst_TALL_2018,2,1
NEON.PLA.D08.TALL.01382,TALL_048,vst_TALL_2018,22.15,2
NEON.PLA.D08.TALL.01384,TALL_042,vst_TALL_2018,2,1
NEON.PLA.D08.TALL.01385,TALL_060,vst_TALL_2018,NA,1
NEON.PLA.D08.TALL.01391,TALL_060,vst_TALL_2018,NA,1
NEON.PLA.D08.TALL.01402,TALL_060,vst_TALL_2018,NA,1
NEON.PLA.D08.TALL.01408,TALL_060,vst_TALL_2018,NA,1
NEON.PLA.D08.TALL.01409,TALL_047,vst_TALL_2018,1.3,1
NEON.PLA.D08.TALL.01410,TALL_042,vst_TALL_2018,3.6,2
NEON.PLA.D08.TALL.01419,TALL_050,vst_TALL_2018,1.1,1
NEON.PLA.D08.TALL.01421,TALL_042,vst_TALL_2018,NA,1
NEON.PLA.D08.TALL.01422,TALL_042,vst_TALL_2018,1.2,2
NEON.PLA.D08.TALL.01437,TALL_060,vst_TALL_2018,13.9,1
NEON.PLA.D08.TALL.01438,TALL_042,vst_TALL_2018,10.9,1
NEON.PLA.D08.TALL.01441,TALL_042,vst_TALL_2018,2,2
NEON.PLA.D08.TALL.01442,TALL_042,vst_TALL_2018,NA,1
NEON.PLA.D08.TALL.01443,TALL_042,vst_TALL_2018,0.9,2
NEON.PLA.D08.TALL.01444,TALL_042,vst_TALL_2018,1.8,1
NEON.PLA.D08.TALL.01445,TALL_048,vst_TALL_2018,22.9,1
NEON.PLA.D08.TALL.01448,TALL_048,vst_TALL_2018,19.6,1
NEON.PLA.D08.TALL.01449,TALL_048,vst_TALL_2018,21.9,1
NEON.PLA.D08.TALL.01451,TALL_048,vst_TALL_2018,21.1,1
NEON.PLA.D08.TALL.01452,TALL_048,vst_TALL_2018,23.1,1
NEON.PLA.D08.TALL.01453,TALL_048,vst_TALL_2018,15.9,1
NEON.PLA.D08.TALL.01454,TALL_048,vst_TALL_2018,23.1,1
NEON.PLA.D08.TALL.01455,TALL_048,vst_TALL_2018,20.5,1
NEON.PLA.D08.TALL.01457,TALL_048,vst_TALL_2018,22.8,1
NEON.PLA.D08.TALL.01461,TALL_048,vst_TALL_2018,23.7,1
NEON.PLA.D08.TALL.01462,TALL_048,vst_TALL_2018,21.6,1
NEON.PLA.D08.TALL.01463,TALL_048,vst_TALL_2018,23.9,1
NEON.PLA.D08.TALL.01465,TALL_048,vst_TALL_2018,18.2,1
NEON.PLA.D08.TALL.01466,TALL_048,vst_TALL_2018,19.8,1
NEON.PLA.D08.TALL.01467,TALL_048,vst_TALL_2018,20.9,1
NEON.PLA.D08.TALL.01468,TALL_048,vst_TALL_2018,23.3,1
NEON.PLA.D08.TALL.01469,TALL_047,vst_TALL_2018,NA,1
NEON.PLA.D08.TALL.01472,TALL_047,vst_TALL_2018,NA,1
NEON.PLA.D08.TALL.01474,TALL_047,vst_TALL_2018,1.2,2
NEON.PLA.D08.TALL.01485,TALL_045,vst_TALL_2018,NA,1
NEON.PLA.D08.TALL.01486,TALL_047,vst_TALL_2018,NA,1
NEON.PLA.D08.TALL.01487,TALL_047,vst_TALL_2018,0.7,1
NEON.PLA.D08.TALL.01488,TALL_047,vst_TALL_2018,NA,1
NEON.PLA.D08.TALL.01491,TALL_047,vst_TALL_2018,NA,1
NEON.PLA.D08.TALL.01497,TALL_047,vst_TALL_2018,NA,1
NEON.PLA.D08.TALL.01613,TALL_051,vst_TALL_2018,NA,1
NEON.PLA.D08.TALL.01616,TALL_050,vst_TALL_2018,1.8,1
NEON.PLA.D08.TALL.01617,TALL_050,vst_TALL_2018,0.7,1
NEON.PLA.D08.TALL.01618,TALL_050,vst_TALL_2018,NA,1
NEON.PLA.D08.TALL.01627,TALL_050,vst_TALL_2018,1.4,2
NEON.PLA.D08.TALL.01649,TALL_050,vst_TALL_2018,NA,1
NEON.PLA.D08.TALL.01660,TALL_050,vst_TALL_2018,NA,1
NEON.PLA.D08.TALL.01661,TALL_050,vst_TALL_2018,0.8,1
NEON.PLA.D08.TALL.01665,TALL_050,vst_TALL_2018,NA,1
NEON.PLA.D08.TALL.01666,TALL_050,vst_TALL_2018,NA,1
NEON.PLA.D08.TALL.01667,TALL_050,vst_TALL_2018,NA,1
NEON.PLA.D08.TALL.01668,TALL_050,vst_TALL_2018,NA,1
NEON.PLA.D08.TALL.01669,TALL_050,vst_TALL_2018,0.9,1
NEON.PLA.D08.TALL.01674,TALL_050,vst_TALL_2018,NA,1
NEON.PLA.D08.TALL.01675,TALL_050,vst_TALL_2018,NA,1
NEON.PLA.D08.TALL.01681,TALL_050,vst_TALL_2018,1.9,3
NEON.PLA.D08.TALL.01686,TALL_050,vst_TALL_2018,NA,1
NEON.PLA.D08.TALL.01700,TALL_050,vst_TALL_2018,1.7,2
NEON.PLA.D08.TALL.01705,TALL_050,vst_TALL_2018,1.2,2
NEON.PLA.D08.TALL.01706,TALL_050,vst_TALL_2018,NA,1
NEON.PLA.D08.TALL.01707,TALL_050,vst_TALL_2018,NA,1
NEON.PLA.D08.TALL.01709,TALL_050,vst_TALL_2018,1.1,1
NEON.PLA.D08.TALL.01711,TALL_050,vst_TALL_2018,NA,1
NEON.PLA.D08.TALL.01721,TALL_050,vst_TALL_2018,NA,1
NEON.PLA.D08.TALL.01722,TALL_050,vst_TALL_2018,NA,1
NEON.PLA.D08.TALL.01724,TALL_050,vst_TALL_2018,NA,1
NEON.PLA.D08.TALL.01726,TALL_050,vst_TALL_2018,NA,1
NEON.PLA.D08.TALL.01727,TALL_050,vst_TALL_2018,NA,1
NEON.PLA.D08.TALL.01728,TALL_050,vst_TALL_2018,NA,1
NEON.PLA.D08.TALL.01731,TALL_050,vst_TALL_2018,0.7,1
NEON.PLA.D08.TALL.01732,TALL_050,vst_TALL_2018,1.5,5
NEON.PLA.D08.TALL.01739,TALL_050,vst_TALL_2018,1,1
NEON.PLA.D08.TALL.01740,TALL_050,vst_TALL_2018,NA,1
NEON.PLA.D08.TALL.01741,TALL_050,vst_TALL_2018,1.6,2
NEON.PLA.D08.TALL.01742,TALL_050,vst_TALL_2018,1.1,1
NEON.PLA.D08.TALL.01743,TALL_050,vst_TALL_2018,0.4,1
NEON.PLA.D08.TALL.01748,TALL_050,vst_TALL_2018,NA,1
NEON.PLA.D08.TALL.01750,TALL_050,vst_TALL_2018,0.8,1
NEON.PLA.D08.TALL.01751,TALL_050,vst_TALL_2018,NA,1
NEON.PLA.D08.TALL.01752,TALL_050,vst_TALL_2018,13,1
NEON.PLA.D08.TALL.01753,TALL_050,vst_TALL_2018,16.1,1
NEON.PLA.D08.TALL.01754,TALL_050,vst_TALL_2018,16.6,1
NEON.PLA.D08.TALL.01755,TALL_050,vst_TALL_2018,14.2,1
NEON.PLA.D08.TALL.01756,TALL_050,vst_TALL_2018,10.4,1
NEON.PLA.D08.TALL.01757,TALL_050,vst_TALL_2018,16.8,1
NEON.PLA.D08.TALL.01758,TALL_050,vst_TALL_2018,16.4,1
NEON.PLA.D08.TALL.01797,TALL_050,vst_TALL_2018,16.6,1
NEON.PLA.D08.TALL.01798,TALL_050,vst_TALL_2018,15.2,1
NEON.PLA.D08.TALL.01799,TALL_050,vst_TALL_2018,20.5,1
NEON.PLA.D08.TALL.01804,TALL_055,vst_TALL_2018,NA,1
NEON.PLA.D08.TALL.01808,TALL_055,vst_TALL_2018,2.1,1
NEON.PLA.D08.TALL.01809,TALL_055,vst_TALL_2018,4.8,1
NEON.PLA.D08.TALL.01810,TALL_055,vst_TALL_2018,9.3,1
NEON.PLA.D08.TALL.01814,TALL_055,vst_TALL_2018,NA,1
NEON.PLA.D08.TALL.01815,TALL_055,vst_TALL_2018,NA,1
NEON.PLA.D08.TALL.01817,TALL_055,vst_TALL_2018,24.2,1
NEON.PLA.D08.TALL.01818,TALL_055,vst_TALL_2018,21.2,1
NEON.PLA.D08.TALL.01819,TALL_055,vst_TALL_2018,17,1
NEON.PLA.D08.TALL.01819A,TALL_055,vst_TALL_2018,17,1
NEON.PLA.D08.TALL.01820,TALL_055,vst_TALL_2018,15,1
NEON.PLA.D08.TALL.01829,TALL_055,vst_TALL_2018,18.6,1
NEON.PLA.D08.TALL.01830,TALL_055,vst_TALL_2018,19.6,1
NEON.PLA.D08.TALL.01831,TALL_055,vst_TALL_2018,23.9,1
NEON.PLA.D08.TALL.01832,TALL_055,vst_TALL_2018,10.7,1
NEON.PLA.D08.TALL.01835,TALL_055,vst_TALL_2018,25.7,1
NEON.PLA.D08.TALL.01836,TALL_055,vst_TALL_2018,21.8,1
NEON.PLA.D08.TALL.01838,TALL_055,vst_TALL_2018,17,1
NEON.PLA.D08.TALL.01839,TALL_055,vst_TALL_2018,10.3,1
NEON.PLA.D08.TALL.01840,TALL_055,vst_TALL_2018,21.1,1
NEON.PLA.D08.TALL.01842,TALL_055,vst_TALL_2018,13.4,1
NEON.PLA.D08.TALL.01842A,TALL_055,vst_TALL_2018,NA,1
NEON.PLA.D08.TALL.01843,TALL_055,vst_TALL_2018,10.4,1
NEON.PLA.D08.TALL.01844,TALL_055,vst_TALL_2018,14.5,1
NEON.PLA.D08.TALL.01845,TALL_055,vst_TALL_2018,19.2,1
NEON.PLA.D08.TALL.01846,TALL_055,vst_TALL_2018,29.4,1
NEON.PLA.D08.TALL.01847,TALL_055,vst_TALL_2018,8.8,1
NEON.PLA.D08.TALL.01848,TALL_055,vst_TALL_2018,23.4,1
NEON.PLA.D08.TALL.01849,TALL_055,vst_TALL_2018,19.8,1
NEON.PLA.D08.TALL.01851,TALL_055,vst_TALL_2018,19.1,1
NEON.PLA.D08.TALL.01855,TALL_055,vst_TALL_2018,8.8,1
NEON.PLA.D08.TALL.01857,TALL_055,vst_TALL_2018,25.8,1
NEON.PLA.D08.TALL.01858,TALL_055,vst_TALL_2018,23.2,1
NEON.PLA.D08.TALL.01859,TALL_055,vst_TALL_2018,20.7,1
NEON.PLA.D08.TALL.01860,TALL_055,vst_TALL_2018,8.6,1
NEON.PLA.D08.TALL.01861,TALL_055,vst_TALL_2018,10.9,1
NEON.PLA.D08.TALL.01862,TALL_055,vst_TALL_2018,18.1,1
NEON.PLA.D08.TALL.01863,TALL_055,vst_TALL_2018,6.5,1
NEON.PLA.D08.TALL.01864,TALL_055,vst_TALL_2018,21.6,1
NEON.PLA.D08.TALL.01865,TALL_055,vst_TALL_2018,6.2,1
NEON.PLA.D08.TALL.01866,TALL_055,vst_TALL_2018,22.2,1
NEON.PLA.D08.TALL.01869,TALL_054,vst_TALL_2018,5,1
NEON.PLA.D08.TALL.01870,TALL_054,vst_TALL_2018,8.4,1
NEON.PLA.D08.TALL.01871,TALL_054,vst_TALL_2018,1,1
NEON.PLA.D08.TALL.01874,TALL_054,vst_TALL_2018,0.7,1
NEON.PLA.D08.TALL.01875,TALL_054,vst_TALL_2018,NA,1
NEON.PLA.D08.TALL.01876,TALL_054,vst_TALL_2018,NA,1
NEON.PLA.D08.TALL.01877,TALL_054,vst_TALL_2018,NA,1
NEON.PLA.D08.TALL.01878,TALL_054,vst_TALL_2018,9.8,1
NEON.PLA.D08.TALL.01880,TALL_054,vst_TALL_2018,NA,1
NEON.PLA.D08.TALL.01881,TALL_054,vst_TALL_2018,NA,1
NEON.PLA.D08.TALL.01882,TALL_054,vst_TALL_2018,1.1,1
NEON.PLA.D08.TALL.01883,TALL_054,vst_TALL_2018,1.1,1
NEON.PLA.D08.TALL.01884,TALL_054,vst_TALL_2018,2.1,1
NEON.PLA.D08.TALL.01886,TALL_054,vst_TALL_2018,NA,1
NEON.PLA.D08.TALL.01890,TALL_054,vst_TALL_2018,NA,1
NEON.PLA.D08.TALL.01891,TALL_054,vst_TALL_2018,1.2,1
NEON.PLA.D08.TALL.01892,TALL_054,vst_TALL_2018,1.1,1
NEON.PLA.D08.TALL.01895,TALL_054,vst_TALL_2018,1.5,1
NEON.PLA.D08.TALL.01901,TALL_051,vst_TALL_2018,2.9,7
NEON.PLA.D08.TALL.01903,TALL_051,vst_TALL_2018,32.7,1
NEON.PLA.D08.TALL.01904,TALL_051,vst_TALL_2018,31.2,1
NEON.PLA.D08.TALL.01906,TALL_051,vst_TALL_2018,31.4,1
NEON.PLA.D08.TALL.01913,TALL_051,vst_TALL_2018,24.2,1
NEON.PLA.D08.TALL.01918,TALL_051,vst_TALL_2018,22.6,1
NEON.PLA.D08.TALL.01919,TALL_051,vst_TALL_2018,31,1
NEON.PLA.D08.TALL.01920,TALL_051,vst_TALL_2018,NA,1
NEON.PLA.D08.TALL.01922,TALL_051,vst_TALL_2018,25.7,1
NEON.PLA.D08.TALL.01923,TALL_061,vst_TALL_2018,12.3,1
NEON.PLA.D08.TALL.01924,TALL_061,vst_TALL_2018,13.3,1
NEON.PLA.D08.TALL.01925,TALL_061,vst_TALL_2018,13.5,1
NEON.PLA.D08.TALL.01926,TALL_061,vst_TALL_2018,14.8,1
NEON.PLA.D08.TALL.01928,TALL_061,vst_TALL_2018,24.3,1
NEON.PLA.D08.TALL.01929,TALL_061,vst_TALL_2018,22.5,1
NEON.PLA.D08.TALL.01930,TALL_061,vst_TALL_2018,22,1
NEON.PLA.D08.TALL.01934,TALL_061,vst_TALL_2018,19,1
NEON.PLA.D08.TALL.01935,TALL_061,vst_TALL_2018,16.2,1
NEON.PLA.D08.TALL.01949,TALL_061,vst_TALL_2018,24.2,1
NEON.PLA.D08.TALL.01985,TALL_055,vst_TALL_2018,NA,1
NEON.PLA.D08.TALL.02101,TALL_050,vst_TALL_2018,13.3,1
NEON.PLA.D08.TALL.02102,TALL_050,vst_TALL_2018,18.7,1
NEON.PLA.D08.TALL.02103,TALL_050,vst_TALL_2018,17.9,1
NEON.PLA.D08.TALL.02104,TALL_050,vst_TALL_2018,22.8,1
NEON.PLA.D08.TALL.02105,TALL_050,vst_TALL_2018,16.3,1
NEON.PLA.D08.TALL.02106,TALL_050,vst_TALL_2018,24,1
NEON.PLA.D08.TALL.02107,TALL_050,vst_TALL_2018,16.2,1
NEON.PLA.D08.TALL.02108,TALL_050,vst_TALL_2018,25.5,1
NEON.PLA.D08.TALL.02109,TALL_050,vst_TALL_2018,21.5,1
NEON.PLA.D08.TALL.02110,TALL_050,vst_TALL_2018,21,1
NEON.PLA.D08.TALL.02113,TALL_050,vst_TALL_2018,26.5,1
NEON.PLA.D08.TALL.02114,TALL_050,vst_TALL_2018,22.3,1
NEON.PLA.D08.TALL.02116,TALL_050,vst_TALL_2018,23.5,1
NEON.PLA.D08.TALL.02117,TALL_050,vst_TALL_2018,22.7,1
NEON.PLA.D08.TALL.02118,TALL_050,vst_TALL_2018,24.4,1
NEON.PLA.D08.TALL.02145,TALL_050,vst_TALL_2018,21.7,1
NEON.PLA.D08.TALL.02146,TALL_050,vst_TALL_2018,2.9,1
NEON.PLA.D08.TALL.02149,TALL_050,vst_TALL_2018,19.5,1
NEON.PLA.D08.TALL.02150,TALL_050,vst_TALL_2018,18.2,1
NEON.PLA.D08.TALL.02151,TALL_051,vst_TALL_2018,1.4,2
NEON.PLA.D08.TALL.02152,TALL_051,vst_TALL_2018,NA,1
NEON.PLA.D08.TALL.02153,TALL_051,vst_TALL_2018,NA,1
NEON.PLA.D08.TALL.02157,TALL_051,vst_TALL_2018,4.1,2
NEON.PLA.D08.TALL.02158,TALL_051,vst_TALL_2018,3.9,1
NEON.PLA.D08.TALL.02159,TALL_051,vst_TALL_2018,4.2,1
NEON.PLA.D08.TALL.02164,TALL_051,vst_TALL_2018,1.7,1
NEON.PLA.D08.TALL.02168,TALL_051,vst_TALL_2018,3.6,1
NEON.PLA.D08.TALL.02175,TALL_051,vst_TALL_2018,4.7,1
NEON.PLA.D08.TALL.02190,TALL_051,vst_TALL_2018,3.4,3
NEON.PLA.D08.TALL.02194,TALL_051,vst_TALL_2018,2.1,1
NEON.PLA.D08.TALL.02195,TALL_061,vst_TALL_2018,1.3,1
NEON.PLA.D08.TALL.02196,TALL_061,vst_TALL_2018,1.7,1
NEON.PLA.D08.TALL.02197,TALL_061,vst_TALL_2018,NA,1
NEON.PLA.D08.TALL.02198,TALL_061,vst_TALL_2018,18.8,1
NEON.PLA.D08.TALL.02199,TALL_061,vst_TALL_2018,23,1
NEON.PLA.D08.TALL.02200,TALL_061,vst_TALL_2018,16.2,1
NEON.PLA.D08.TALL.02302,TALL_054,vst_TALL_2018,2.5,1
NEON.PLA.D08.TALL.02305,TALL_054,vst_TALL_2018,1.5,2
NEON.PLA.D08.TALL.02306,TALL_054,vst_TALL_2018,2.2,1
NEON.PLA.D08.TALL.02307,TALL_054,vst_TALL_2018,2.5,1
NEON.PLA.D08.TALL.02308,TALL_054,vst_TALL_2018,8.4,1
NEON.PLA.D08.TALL.02313,TALL_054,vst_TALL_2018,NA,1
NEON.PLA.D08.TALL.02316,TALL_042,vst_TALL_2018,1.4,4
NEON.PLA.D08.TALL.02319,TALL_054,vst_TALL_2018,1.4,1
NEON.PLA.D08.TALL.02321,TALL_054,vst_TALL_2018,1.1,1
NEON.PLA.D08.TALL.02323,TALL_054,vst_TALL_2018,23.3,1
NEON.PLA.D08.TALL.02324,TALL_054,vst_TALL_2018,15.9,1
NEON.PLA.D08.TALL.02325,TALL_054,vst_TALL_2018,21.3,1
NEON.PLA.D08.TALL.02326,TALL_054,vst_TALL_2018,17.9,1
NEON.PLA.D08.TALL.02327,TALL_054,vst_TALL_2018,17.9,1
NEON.PLA.D08.TALL.02328,TALL_054,vst_TALL_2018,17,1
NEON.PLA.D08.TALL.02329,TALL_054,vst_TALL_2018,18,1
NEON.PLA.D08.TALL.02330,TALL_054,vst_TALL_2018,19.9,1
NEON.PLA.D08.TALL.02331,TALL_054,vst_TALL_2018,15.5,1
NEON.PLA.D08.TALL.02332,TALL_054,vst_TALL_2018,8.5,1
NEON.PLA.D08.TALL.02333,TALL_054,vst_TALL_2018,14.2,1
NEON.PLA.D08.TALL.02334,TALL_054,vst_TALL_2018,12.9,1
NEON.PLA.D08.TALL.02335,TALL_054,vst_TALL_2018,11.8,1
NEON.PLA.D08.TALL.02336,TALL_054,vst_TALL_2018,14,1
NEON.PLA.D08.TALL.02337,TALL_054,vst_TALL_2018,12.9,1
NEON.PLA.D08.TALL.02338,TALL_054,vst_TALL_2018,14,1
NEON.PLA.D08.TALL.02339,TALL_054,vst_TALL_2018,13.5,1
NEON.PLA.D08.TALL.02340,TALL_054,vst_TALL_2018,14.2,1
NEON.PLA.D08.TALL.02342,TALL_054,vst_TALL_2018,14.8,1
NEON.PLA.D08.TALL.02343,TALL_054,vst_TALL_2018,15.4,1
NEON.PLA.D08.TALL.02344,TALL_054,vst_TALL_2018,14.35,2
NEON.PLA.D08.TALL.02345,TALL_054,vst_TALL_2018,14.2,1
NEON.PLA.D08.TALL.02346,TALL_054,vst_TALL_2018,12.8,1
NEON.PLA.D08.TALL.02347,TALL_054,vst_TALL_2018,14,1
NEON.PLA.D08.TALL.02348,TALL_054,vst_TALL_2018,13.6,1
NEON.PLA.D08.TALL.02349,TALL_054,vst_TALL_2018,12.1,1
NEON.PLA.D08.TALL.02350,TALL_054,vst_TALL_2018,10.7,1
NEON.PLA.D08.TALL.02351,TALL_054,vst_TALL_2018,12.7,1
NEON.PLA.D08.TALL.02352,TALL_054,vst_TALL_2018,13.2,1
NEON.PLA.D08.TALL.02353,TALL_054,vst_TALL_2018,12.9,1
NEON.PLA.D08.TALL.02354,TALL_054,vst_TALL_2018,17,1
NEON.PLA.D08.TALL.02355,TALL_054,vst_TALL_2018,19.8,1
NEON.PLA.D08.TALL.02356,TALL_054,vst_TALL_2018,13.4,1
NEON.PLA.D08.TALL.02357,TALL_054,vst_TALL_2018,11.2,1
NEON.PLA.D08.TALL.02369,TALL_057,vst_TALL_2018,1.7,1
NEON.PLA.D08.TALL.02370,TALL_057,vst_TALL_2018,NA,1
NEON.PLA.D08.TALL.02374,TALL_057,vst_TALL_2018,NA,1
NEON.PLA.D08.TALL.02376,TALL_057,vst_TALL_2018,1.1,1
NEON.PLA.D08.TALL.02378,TALL_057,vst_TALL_2018,6.5,1
NEON.PLA.D08.TALL.02387,TALL_057,vst_TALL_2018,20,1
NEON.PLA.D08.TALL.02388,TALL_057,vst_TALL_2018,22.4,1
NEON.PLA.D08.TALL.02390,TALL_057,vst_TALL_2018,12.5,1
NEON.PLA.D08.TALL.02391,TALL_057,vst_TALL_2018,4,1
NEON.PLA.D08.TALL.02392,TALL_057,vst_TALL_2018,16.6,1
NEON.PLA.D08.TALL.02393,TALL_057,vst_TALL_2018,15.6,1
NEON.PLA.D08.TALL.02395,TALL_057,vst_TALL_2018,13.8,1
NEON.PLA.D08.TALL.02396,TALL_057,vst_TALL_2018,14.3,1
NEON.PLA.D08.TALL.02397,TALL_057,vst_TALL_2018,15.3,1
NEON.PLA.D08.TALL.02398,TALL_057,vst_TALL_2018,13,1
NEON.PLA.D08.TALL.02399,TALL_057,vst_TALL_2018,13.6,1
NEON.PLA.D08.TALL.02400,TALL_057,vst_TALL_2018,14.1,1
NEON.PLA.D08.TALL.02402,TALL_057,vst_TALL_2018,24.6,1
NEON.PLA.D08.TALL.02403,TALL_057,vst_TALL_2018,12.7,1
NEON.PLA.D08.TALL.02405,TALL_057,vst_TALL_2018,23.7,1
NEON.PLA.D08.TALL.02406,TALL_057,vst_TALL_2018,15.8,1
NEON.PLA.D08.TALL.02407,TALL_057,vst_TALL_2018,19.5,1
NEON.PLA.D08.TALL.02408,TALL_057,vst_TALL_2018,19,1
NEON.PLA.D08.TALL.02410,TALL_057,vst_TALL_2018,9.2,1
NEON.PLA.D08.TALL.02411,TALL_057,vst_TALL_2018,9.1,1
NEON.PLA.D08.TALL.02413,TALL_057,vst_TALL_2018,15.5,1
NEON.PLA.D08.TALL.02414,TALL_057,vst_TALL_2018,16.2,1
NEON.PLA.D08.TALL.02415,TALL_058,vst_TALL_2018,1.2,1
NEON.PLA.D08.TALL.02416,TALL_058,vst_TALL_2018,3,1
NEON.PLA.D08.TALL.02417,TALL_058,vst_TALL_2018,NA,1
NEON.PLA.D08.TALL.02418,TALL_058,vst_TALL_2018,2.7,1
NEON.PLA.D08.TALL.02419,TALL_058,vst_TALL_2018,2.9,1
NEON.PLA.D08.TALL.02429,TALL_058,vst_TALL_2018,0.7,1
NEON.PLA.D08.TALL.02432,TALL_058,vst_TALL_2018,1.7,1
NEON.PLA.D08.TALL.02433,TALL_058,vst_TALL_2018,1.5,1
NEON.PLA.D08.TALL.02435,TALL_058,vst_TALL_2018,1.7,2
NEON.PLA.D08.TALL.02438,TALL_058,vst_TALL_2018,2.9,1
NEON.PLA.D08.TALL.02442,TALL_058,vst_TALL_2018,1.3,2
NEON.PLA.D08.TALL.02444,TALL_058,vst_TALL_2018,NA,1
NEON.PLA.D08.TALL.02446,TALL_058,vst_TALL_2018,NA,1
NEON.PLA.D08.TALL.02447,TALL_058,vst_TALL_2018,3.5,1
NEON.PLA.D08.TALL.02448,TALL_058,vst_TALL_2018,3.4,1
NEON.PLA.D08.TALL.02449,TALL_058,vst_TALL_2018,2.1,1
NEON.PLA.D08.TALL.02451,TALL_058,vst_TALL_2018,4.5,1
NEON.PLA.D08.TALL.02452,TALL_058,vst_TALL_2018,8.9,1
NEON.PLA.D08.TALL.02453,TALL_058,vst_TALL_2018,8.8,1
NEON.PLA.D08.TALL.02454,TALL_058,vst_TALL_2018,13.4,1
NEON.PLA.D08.TALL.02454A,TALL_058,vst_TALL_2018,9.2,1
NEON.PLA.D08.TALL.02455,TALL_058,vst_TALL_2018,14.7,1
NEON.PLA.D08.TALL.02456,TALL_058,vst_TALL_2018,NA,1
NEON.PLA.D08.TALL.02457,TALL_058,vst_TALL_2018,12.2,1
NEON.PLA.D08.TALL.02458,TALL_058,vst_TALL_2018,9.2,1
NEON.PLA.D08.TALL.02460,TALL_058,vst_TALL_2018,6.9,1
NEON.PLA.D08.TALL.02461,TALL_058,vst_TALL_2018,19.3,1
NEON.PLA.D08.TALL.02462,TALL_058,vst_TALL_2018,13.5,1
NEON.PLA.D08.TALL.02463,TALL_058,vst_TALL_2018,16.9,1
NEON.PLA.D08.TALL.02464,TALL_058,vst_TALL_2018,10.5,1
NEON.PLA.D08.TALL.02465,TALL_058,vst_TALL_2018,18.9,1
NEON.PLA.D08.TALL.02466,TALL_058,vst_TALL_2018,21.5,1
NEON.PLA.D08.TALL.02467,TALL_058,vst_TALL_2018,23.1,1
NEON.PLA.D08.TALL.02469,TALL_058,vst_TALL_2018,14.4,1
NEON.PLA.D08.TALL.02470,TALL_058,vst_TALL_2018,16.2,1
NEON.PLA.D08.TALL.02470A,TALL_058,vst_TALL_2018,9.65,2
NEON.PLA.D08.TALL.02471,TALL_058,vst_TALL_2018,8.8,1
NEON.PLA.D08.TALL.02473,TALL_058,vst_TALL_2018,9.4,1
NEON.PLA.D08.TALL.02475,TALL_058,vst_TALL_2018,23.7,1
NEON.PLA.D08.TALL.02476,TALL_058,vst_TALL_2018,17.4,1
NEON.PLA.D08.TALL.02477,TALL_058,vst_TALL_2018,13.5,1
NEON.PLA.D08.TALL.02478,TALL_058,vst_TALL_2018,6.9,2
NEON.PLA.D08.TALL.02480,TALL_058,vst_TALL_2018,12.2,1
NEON.PLA.D08.TALL.02481,TALL_058,vst_TALL_2018,7.8,1
NEON.PLA.D08.TALL.02482,TALL_058,vst_TALL_2018,21,1
NEON.PLA.D08.TALL.02483,TALL_058,vst_TALL_2018,17.6,1
NEON.PLA.D08.TALL.02484,TALL_058,vst_TALL_2018,11.4,1
NEON.PLA.D08.TALL.02485,TALL_058,vst_TALL_2018,7.6,1
NEON.PLA.D08.TALL.02485A,TALL_058,vst_TALL_2018,7.6,1
NEON.PLA.D08.TALL.02486,TALL_058,vst_TALL_2018,22.8,1
NEON.PLA.D08.TALL.02487,TALL_058,vst_TALL_2018,8.8,1
NEON.PLA.D08.TALL.02488,TALL_058,vst_TALL_2018,27.2,1
NEON.PLA.D08.TALL.02489,TALL_058,vst_TALL_2018,26,1
NEON.PLA.D08.TALL.02491,TALL_058,vst_TALL_2018,16.3,1
NEON.PLA.D08.TALL.02492,TALL_058,vst_TALL_2018,21.2,1
NEON.PLA.D08.TALL.02493,TALL_058,vst_TALL_2018,14.5,1
NEON.PLA.D08.TALL.02495,TALL_056,vst_TALL_2018,10.3,1
NEON.PLA.D08.TALL.02496,TALL_056,vst_TALL_2018,1.2,1
NEON.PLA.D08.TALL.02497,TALL_056,vst_TALL_2018,NA,1
NEON.PLA.D08.TALL.02500,TALL_053,vst_TALL_2018,9.3,1
NEON.PLA.D08.TALL.02502,TALL_061,vst_TALL_2018,12.1,1
NEON.PLA.D08.TALL.02513,TALL_061,vst_TALL_2018,1.7,1
NEON.PLA.D08.TALL.02514,TALL_061,vst_TALL_2018,NA,1
NEON.PLA.D08.TALL.02516,TALL_061,vst_TALL_2018,1.2,1
NEON.PLA.D08.TALL.02521,TALL_061,vst_TALL_2018,NA,1
NEON.PLA.D08.TALL.02524,TALL_061,vst_TALL_2018,NA,1
NEON.PLA.D08.TALL.02528,TALL_061,vst_TALL_2018,2.1,3
NEON.PLA.D08.TALL.02541,TALL_061,vst_TALL_2018,NA,1
NEON.PLA.D08.TALL.02542,TALL_061,vst_TALL_2018,NA,1
NEON.PLA.D08.TALL.02544,TALL_061,vst_TALL_2018,NA,1
NEON.PLA.D08.TALL.02557,TALL_061,vst_TALL_2018,NA,1
NEON.PLA.D08.TALL.02560,TALL_061,vst_TALL_2018,NA,1
NEON.PLA.D08.TALL.02564,TALL_061,vst_TALL_2018,NA,1
NEON.PLA.D08.TALL.02570,TALL_061,vst_TALL_2018,NA,1
NEON.PLA.D08.TALL.02574,TALL_061,vst_TALL_2018,NA,1
NEON.PLA.D08.TALL.02577,TALL_061,vst_TALL_2018,NA,1
NEON.PLA.D08.TALL.02578,TALL_061,vst_TALL_2018,NA,1
NEON.PLA.D08.TALL.02580,TALL_061,vst_TALL_2018,NA,1
NEON.PLA.D08.TALL.02581,TALL_061,vst_TALL_2018,NA,1
NEON.PLA.D08.TALL.02589,TALL_061,vst_TALL_2018,NA,1
NEON.PLA.D08.TALL.02590,TALL_061,vst_TALL_2018,1.4,1
NEON.PLA.D08.TALL.02591,TALL_061,vst_TALL_2018,NA,1
NEON.PLA.D08.TALL.02606,TALL_056,vst_TALL_2018,1.2,2
NEON.PLA.D08.TALL.02608,TALL_056,vst_TALL_2018,0.9,1
NEON.PLA.D08.TALL.02609,TALL_056,vst_TALL_2018,NA,1
NEON.PLA.D08.TALL.02610,TALL_056,vst_TALL_2018,1.2,1
NEON.PLA.D08.TALL.02611,TALL_056,vst_TALL_2018,1.6,1
NEON.PLA.D08.TALL.02613,TALL_056,vst_TALL_2018,1.6,1
NEON.PLA.D08.TALL.02614,TALL_056,vst_TALL_2018,1,1
NEON.PLA.D08.TALL.02616,TALL_056,vst_TALL_2018,1.1,1
NEON.PLA.D08.TALL.02618,TALL_056,vst_TALL_2018,1.7,1
NEON.PLA.D08.TALL.02619,TALL_056,vst_TALL_2018,1.6,2
NEON.PLA.D08.TALL.02626,TALL_056,vst_TALL_2018,0.5,1
NEON.PLA.D08.TALL.02627,TALL_056,vst_TALL_2018,0.5,1
NEON.PLA.D08.TALL.02633,TALL_056,vst_TALL_2018,19.6,1
NEON.PLA.D08.TALL.02639,TALL_056,vst_TALL_2018,15.1,1
NEON.PLA.D08.TALL.02641,TALL_059,vst_TALL_2018,NA,1
NEON.PLA.D08.TALL.02643,TALL_056,vst_TALL_2018,22.7,1
NEON.PLA.D08.TALL.02645,TALL_056,vst_TALL_2018,11.2,1
NEON.PLA.D08.TALL.02646,TALL_059,vst_TALL_2018,0.8,1
NEON.PLA.D08.TALL.02647,TALL_059,vst_TALL_2018,8.3,1
NEON.PLA.D08.TALL.02649,TALL_059,vst_TALL_2018,NA,1
NEON.PLA.D08.TALL.02650,TALL_056,vst_TALL_2018,13,1
NEON.PLA.D08.TALL.02651,TALL_059,vst_TALL_2018,1.4,1
NEON.PLA.D08.TALL.02652,TALL_056,vst_TALL_2018,14.2,1
NEON.PLA.D08.TALL.02655,TALL_056,vst_TALL_2018,0.6,1
NEON.PLA.D08.TALL.02659,TALL_056,vst_TALL_2018,0.4,1
NEON.PLA.D08.TALL.02661,TALL_056,vst_TALL_2018,1.2,2
NEON.PLA.D08.TALL.02663,TALL_056,vst_TALL_2018,2.4,1
NEON.PLA.D08.TALL.02665,TALL_056,vst_TALL_2018,3.7,1
NEON.PLA.D08.TALL.02667,TALL_056,vst_TALL_2018,0.6,1
NEON.PLA.D08.TALL.02668,TALL_056,vst_TALL_2018,2.9,1
NEON.PLA.D08.TALL.02670,TALL_056,vst_TALL_2018,1.8,1
NEON.PLA.D08.TALL.02671,TALL_056,vst_TALL_2018,0.9,2
NEON.PLA.D08.TALL.02672,TALL_056,vst_TALL_2018,NA,1
NEON.PLA.D08.TALL.02673,TALL_056,vst_TALL_2018,4.7,1
NEON.PLA.D08.TALL.02674,TALL_056,vst_TALL_2018,NA,1
NEON.PLA.D08.TALL.02675,TALL_056,vst_TALL_2018,1,1
NEON.PLA.D08.TALL.02677,TALL_056,vst_TALL_2018,4.4,1
NEON.PLA.D08.TALL.02678,TALL_056,vst_TALL_2018,5.3,1
NEON.PLA.D08.TALL.02679,TALL_056,vst_TALL_2018,1,1
NEON.PLA.D08.TALL.02680,TALL_056,vst_TALL_2018,2.1,1
NEON.PLA.D08.TALL.02684,TALL_056,vst_TALL_2018,1.3,2
NEON.PLA.D08.TALL.02687,TALL_056,vst_TALL_2018,NA,1
NEON.PLA.D08.TALL.02689,TALL_056,vst_TALL_2018,1.4,1
NEON.PLA.D08.TALL.02690,TALL_056,vst_TALL_2018,NA,1
NEON.PLA.D08.TALL.02693,TALL_056,vst_TALL_2018,0.8,1
NEON.PLA.D08.TALL.02694,TALL_056,vst_TALL_2018,NA,1
NEON.PLA.D08.TALL.02695,TALL_056,vst_TALL_2018,NA,1
NEON.PLA.D08.TALL.02696,TALL_056,vst_TALL_2018,1.7,3
NEON.PLA.D08.TALL.02699,TALL_056,vst_TALL_2018,1.2,1
NEON.PLA.D08.TALL.02702,TALL_056,vst_TALL_2018,20,1
NEON.PLA.D08.TALL.02703,TALL_056,vst_TALL_2018,NA,1
NEON.PLA.D08.TALL.02704,TALL_056,vst_TALL_2018,10.5,1
NEON.PLA.D08.TALL.02705,TALL_056,vst_TALL_2018,12.8,1
NEON.PLA.D08.TALL.02706,TALL_056,vst_TALL_2018,11.5,1
NEON.PLA.D08.TALL.02707,TALL_056,vst_TALL_2018,11.7,1
NEON.PLA.D08.TALL.02709,TALL_056,vst_TALL_2018,10.1,1
NEON.PLA.D08.TALL.02710,TALL_056,vst_TALL_2018,17.6,1
NEON.PLA.D08.TALL.02712,TALL_056,vst_TALL_2018,9.6,1
NEON.PLA.D08.TALL.02713,TALL_056,vst_TALL_2018,12.9,1
NEON.PLA.D08.TALL.02714,TALL_056,vst_TALL_2018,12,1
NEON.PLA.D08.TALL.02718,TALL_052,vst_TALL_2018,NA,1
NEON.PLA.D08.TALL.02719,TALL_052,vst_TALL_2018,NA,1
NEON.PLA.D08.TALL.02720,TALL_052,vst_TALL_2018,NA,1
NEON.PLA.D08.TALL.02721,TALL_052,vst_TALL_2018,NA,1
NEON.PLA.D08.TALL.02723,TALL_052,vst_TALL_2018,NA,1
NEON.PLA.D08.TALL.02725,TALL_052,vst_TALL_2018,NA,1
NEON.PLA.D08.TALL.02726,TALL_052,vst_TALL_2018,0.8,1
NEON.PLA.D08.TALL.02727,TALL_052,vst_TALL_2018,NA,1
NEON.PLA.D08.TALL.02728,TALL_052,vst_TALL_2018,NA,1
NEON.PLA.D08.TALL.02729,TALL_052,vst_TALL_2018,12.6,1
NEON.PLA.D08.TALL.02740,TALL_052,vst_TALL_2018,0.8,2
NEON.PLA.D08.TALL.02741,TALL_052,vst_TALL_2018,0.8,1
NEON.PLA.D08.TALL.02743,TALL_052,vst_TALL_2018,0.8,1
NEON.PLA.D08.TALL.02747,TALL_052,vst_TALL_2018,1.3,1
NEON.PLA.D08.TALL.02748,TALL_052,vst_TALL_2018,1.4,2
NEON.PLA.D08.TALL.02749,TALL_052,vst_TALL_2018,NA,1
NEON.PLA.D08.TALL.02750,TALL_052,vst_TALL_2018,1.2,1
NEON.PLA.D08.TALL.02751,TALL_052,vst_TALL_2018,NA,1
NEON.PLA.D08.TALL.02752,TALL_052,vst_TALL_2018,1,1
NEON.PLA.D08.TALL.02753,TALL_052,vst_TALL_2018,NA,1
NEON.PLA.D08.TALL.02754,TALL_052,vst_TALL_2018,9.3,1
NEON.PLA.D08.TALL.02756,TALL_052,vst_TALL_2018,6.9,1
NEON.PLA.D08.TALL.02757,TALL_052,vst_TALL_2018,NA,1
NEON.PLA.D08.TALL.02761,TALL_052,vst_TALL_2018,1.8,1
NEON.PLA.D08.TALL.02762,TALL_052,vst_TALL_2018,1.6,2
NEON.PLA.D08.TALL.02763,TALL_052,vst_TALL_2018,NA,1
NEON.PLA.D08.TALL.02764,TALL_052,vst_TALL_2018,NA,1
NEON.PLA.D08.TALL.02769,TALL_052,vst_TALL_2018,1.6,1
NEON.PLA.D08.TALL.02770,TALL_052,vst_TALL_2018,1.2,1
NEON.PLA.D08.TALL.02772,TALL_052,vst_TALL_2018,1.3,2
NEON.PLA.D08.TALL.02773,TALL_052,vst_TALL_2018,20.6,1
NEON.PLA.D08.TALL.02774,TALL_052,vst_TALL_2018,1.2,1
NEON.PLA.D08.TALL.02776,TALL_052,vst_TALL_2018,0.8,1
NEON.PLA.D08.TALL.02777,TALL_052,vst_TALL_2018,18.1,1
NEON.PLA.D08.TALL.02778,TALL_052,vst_TALL_2018,18.8,1
NEON.PLA.D08.TALL.02779,TALL_052,vst_TALL_2018,15.8,1
NEON.PLA.D08.TALL.02780,TALL_052,vst_TALL_2018,19.7,1
NEON.PLA.D08.TALL.02784,TALL_052,vst_TALL_2018,8.3,1
NEON.PLA.D08.TALL.02792,TALL_052,vst_TALL_2018,9.4,1
NEON.PLA.D08.TALL.02793,TALL_052,vst_TALL_2018,18.4,1
NEON.PLA.D08.TALL.02794,TALL_052,vst_TALL_2018,14.6,1
NEON.PLA.D08.TALL.02795,TALL_052,vst_TALL_2018,18.6,1
NEON.PLA.D08.TALL.02796,TALL_052,vst_TALL_2018,18.1,1
NEON.PLA.D08.TALL.02797,TALL_052,vst_TALL_2018,7.7,1
NEON.PLA.D08.TALL.02798,TALL_052,vst_TALL_2018,19.6,1
NEON.PLA.D08.TALL.02799,TALL_052,vst_TALL_2018,16.6,1
NEON.PLA.D08.TALL.02800,TALL_052,vst_TALL_2018,13.6,1
NEON.PLA.D08.TALL.02802,TALL_052,vst_TALL_2018,9.3,1
NEON.PLA.D08.TALL.02804,TALL_052,vst_TALL_2018,1.4,1
NEON.PLA.D08.TALL.02806,TALL_052,vst_TALL_2018,15.6,1
NEON.PLA.D08.TALL.02807,TALL_059,vst_TALL_2018,1.3,1
NEON.PLA.D08.TALL.02808,TALL_059,vst_TALL_2018,2.4,1
NEON.PLA.D08.TALL.02810,TALL_059,vst_TALL_2018,7,1
NEON.PLA.D08.TALL.02811,TALL_059,vst_TALL_2018,NA,1
NEON.PLA.D08.TALL.02812,TALL_059,vst_TALL_2018,2.2,1
NEON.PLA.D08.TALL.02813,TALL_059,vst_TALL_2018,5.6,1
NEON.PLA.D08.TALL.02815,TALL_059,vst_TALL_2018,2.1,1
NEON.PLA.D08.TALL.02822,TALL_059,vst_TALL_2018,7.7,1
NEON.PLA.D08.TALL.02823,TALL_059,vst_TALL_2018,5.3,1
NEON.PLA.D08.TALL.02824,TALL_059,vst_TALL_2018,7.4,1
NEON.PLA.D08.TALL.02825,TALL_059,vst_TALL_2018,7.9,1
NEON.PLA.D08.TALL.02826,TALL_059,vst_TALL_2018,5.1,1
NEON.PLA.D08.TALL.02828,TALL_059,vst_TALL_2018,9.4,1
NEON.PLA.D08.TALL.02834,TALL_059,vst_TALL_2018,4.2,1
NEON.PLA.D08.TALL.02836,TALL_059,vst_TALL_2018,2.8,1
NEON.PLA.D08.TALL.02837,TALL_059,vst_TALL_2018,1.8,1
NEON.PLA.D08.TALL.02838,TALL_059,vst_TALL_2018,3.1,1
NEON.PLA.D08.TALL.02839,TALL_059,vst_TALL_2018,4.7,2
NEON.PLA.D08.TALL.02840,TALL_059,vst_TALL_2018,2.9,1
NEON.PLA.D08.TALL.02841,TALL_059,vst_TALL_2018,5.7,2
NEON.PLA.D08.TALL.02842,TALL_059,vst_TALL_2018,NA,1
NEON.PLA.D08.TALL.02843,TALL_059,vst_TALL_2018,4.2,1
NEON.PLA.D08.TALL.02844,TALL_059,vst_TALL_2018,4.4,1
NEON.PLA.D08.TALL.02845,TALL_059,vst_TALL_2018,4.8,1
NEON.PLA.D08.TALL.02846,TALL_059,vst_TALL_2018,4.9,1
NEON.PLA.D08.TALL.02850,TALL_059,vst_TALL_2018,4.5,1
NEON.PLA.D08.TALL.02852,TALL_059,vst_TALL_2018,3.1,1
NEON.PLA.D08.TALL.02860,TALL_059,vst_TALL_2018,2.2,1
NEON.PLA.D08.TALL.02861,TALL_059,vst_TALL_2018,3.5,2
NEON.PLA.D08.TALL.02862,TALL_059,vst_TALL_2018,2.3,1
NEON.PLA.D08.TALL.02864,TALL_059,vst_TALL_2018,1.3,1
NEON.PLA.D08.TALL.02865,TALL_059,vst_TALL_2018,2.3,1
NEON.PLA.D08.TALL.02866,TALL_059,vst_TALL_2018,3.3,1
NEON.PLA.D08.TALL.02867,TALL_059,vst_TALL_2018,7.6,2
NEON.PLA.D08.TALL.02868,TALL_059,vst_TALL_2018,1.7,1
NEON.PLA.D08.TALL.02874,TALL_059,vst_TALL_2018,4,2
NEON.PLA.D08.TALL.02877,TALL_059,vst_TALL_2018,2.3,1
NEON.PLA.D08.TALL.02878,TALL_059,vst_TALL_2018,1.8,1
NEON.PLA.D08.TALL.02879,TALL_059,vst_TALL_2018,1.3,1
NEON.PLA.D08.TALL.02880,TALL_059,vst_TALL_2018,13.7,1
NEON.PLA.D08.TALL.02881,TALL_059,vst_TALL_2018,28.2,1
NEON.PLA.D08.TALL.02882,TALL_059,vst_TALL_2018,24.4,1
NEON.PLA.D08.TALL.02883,TALL_059,vst_TALL_2018,27.2,1
NEON.PLA.D08.TALL.02884,TALL_059,vst_TALL_2018,15.1,1
NEON.PLA.D08.TALL.02885,TALL_059,vst_TALL_2018,28.3,1
NEON.PLA.D08.TALL.02886,TALL_059,vst_TALL_2018,25.4,1
NEON.PLA.D08.TALL.02887,TALL_059,vst_TALL_2018,4.6,1
NEON.PLA.D08.TALL.02888,TALL_059,vst_TALL_2018,27.2,1
NEON.PLA.D08.TALL.02889,TALL_059,vst_TALL_2018,13.2,1
NEON.PLA.D08.TALL.02889A,TALL_059,vst_TALL_2018,13.2,1
NEON.PLA.D08.TALL.02890,TALL_059,vst_TALL_2018,28.8,1
NEON.PLA.D08.TALL.02891,TALL_059,vst_TALL_2018,32.7,1
NEON.PLA.D08.TALL.02892,TALL_059,vst_TALL_2018,33,1
NEON.PLA.D08.TALL.02893,TALL_059,vst_TALL_2018,24.3,1
NEON.PLA.D08.TALL.02894,TALL_059,vst_TALL_2018,26.2,1
NEON.PLA.D08.TALL.02895,TALL_059,vst_TALL_2018,13.4,1
NEON.PLA.D08.TALL.02896,TALL_059,vst_TALL_2018,9.7,1
NEON.PLA.D08.TALL.02896A,TALL_059,vst_TALL_2018,9.7,1
NEON.PLA.D08.TALL.02897,TALL_059,vst_TALL_2018,10,1
NEON.PLA.D08.TALL.02899,TALL_059,vst_TALL_2018,25.9,1
NEON.PLA.D08.TALL.02900,TALL_059,vst_TALL_2018,16.8,1
NEON.PLA.D08.TALL.02901,TALL_059,vst_TALL_2018,20,1
NEON.PLA.D08.TALL.02902,TALL_059,vst_TALL_2018,17.4,1
NEON.PLA.D08.TALL.02903,TALL_059,vst_TALL_2018,25.3,1
NEON.PLA.D08.TALL.02904,TALL_059,vst_TALL_2018,NA,1
NEON.PLA.D08.TALL.02905,TALL_059,vst_TALL_2018,16.5,1
NEON.PLA.D08.TALL.02906,TALL_059,vst_TALL_2018,25.5,1
NEON.PLA.D08.TALL.02907,TALL_059,vst_TALL_2018,11.3,1
NEON.PLA.D08.TALL.02908,TALL_059,vst_TALL_2018,7.4,1
NEON.PLA.D08.TALL.02909,TALL_059,vst_TALL_2018,21.4,1
NEON.PLA.D08.TALL.02910,TALL_059,vst_TALL_2018,16.1,1
NEON.PLA.D08.TALL.02911,TALL_059,vst_TALL_2018,31.6,1
NEON.PLA.D08.TALL.02912,TALL_059,vst_TALL_2018,12.2,1
NEON.PLA.D08.TALL.02913,TALL_059,vst_TALL_2018,12.4,1
NEON.PLA.D08.TALL.02914,TALL_059,vst_TALL_2018,11.3,1
NEON.PLA.D08.TALL.02930,TALL_053,vst_TALL_2018,NA,1
NEON.PLA.D08.TALL.02936,TALL_053,vst_TALL_2018,25.3,1
NEON.PLA.D08.TALL.02937,TALL_053,vst_TALL_2018,19.3,1
NEON.PLA.D08.TALL.02938,TALL_053,vst_TALL_2018,19.5,1
NEON.PLA.D08.TALL.02939,TALL_053,vst_TALL_2018,17.1,1
NEON.PLA.D08.TALL.02940,TALL_053,vst_TALL_2018,22,1
NEON.PLA.D08.TALL.02942,TALL_053,vst_TALL_2018,24.2,1
NEON.PLA.D08.TALL.02943,TALL_053,vst_TALL_2018,13.1,1
NEON.PLA.D08.TALL.02944,TALL_053,vst_TALL_2018,27.6,1
NEON.PLA.D08.TALL.02945,TALL_053,vst_TALL_2018,27.5,1
NEON.PLA.D08.TALL.02946,TALL_053,vst_TALL_2018,4,1
NEON.PLA.D08.TALL.02947,TALL_053,vst_TALL_2018,17.1,1
NEON.PLA.D08.TALL.02948,TALL_053,vst_TALL_2018,12.8,1
NEON.PLA.D08.TALL.02949,TALL_053,vst_TALL_2018,21.1,1
NEON.PLA.D08.TALL.02950,TALL_053,vst_TALL_2018,18.1,1
NEON.PLA.D08.TALL.02951,TALL_053,vst_TALL_2018,1.6,1
NEON.PLA.D08.TALL.02952,TALL_053,vst_TALL_2018,2,1
NEON.PLA.D08.TALL.02953,TALL_053,vst_TALL_2018,NA,1
NEON.PLA.D08.TALL.02954,TALL_053,vst_TALL_2018,NA,1
NEON.PLA.D08.TALL.02955,TALL_053,vst_TALL_2018,1.2,1
NEON.PLA.D08.TALL.02957,TALL_053,vst_TALL_2018,NA,1
NEON.PLA.D08.TALL.02958,TALL_053,vst_TALL_2018,NA,1
NEON.PLA.D08.TALL.02959,TALL_053,vst_TALL_2018,NA,1
NEON.PLA.D08.TALL.02960,TALL_053,vst_TALL_2018,NA,1
NEON.PLA.D08.TALL.02961,TALL_053,vst_TALL_2018,NA,1
NEON.PLA.D08.TALL.02962,TALL_053,vst_TALL_2018,1.1,1
NEON.PLA.D08.TALL.02990,TALL_053,vst_TALL_2018,2,3
NEON.PLA.D08.TALL.02991,TALL_053,vst_TALL_2018,NA,1
NEON.PLA.D08.TALL.02992,TALL_053,vst_TALL_2018,1.1,1
NEON.PLA.D08.TALL.02993,TALL_053,vst_TALL_2018,2,2
NEON.PLA.D08.TALL.02994,TALL_053,vst_TALL_2018,NA,1
NEON.PLA.D08.TALL.02995,TALL_053,vst_TALL_2018,NA,1
NEON.PLA.D08.TALL.02996,TALL_053,vst_TALL_2018,1,1
NEON.PLA.D08.TALL.02998,TALL_053,vst_TALL_2018,1.4,1
NEON.PLA.D08.TALL.03001,TALL_045,vst_TALL_2018,1.8,1
NEON.PLA.D08.TALL.03002,TALL_045,vst_TALL_2018,1.3,1
NEON.PLA.D08.TALL.03003,TALL_045,vst_TALL_2018,1.1,2
NEON.PLA.D08.TALL.03005,TALL_045,vst_TALL_2018,3,1
NEON.PLA.D08.TALL.03006,TALL_045,vst_TALL_2018,1.3,1
NEON.PLA.D08.TALL.03007,TALL_045,vst_TALL_2018,1.7,1
NEON.PLA.D08.TALL.03008,TALL_045,vst_TALL_2018,1.2,1
NEON.PLA.D08.TALL.03011,TALL_045,vst_TALL_2018,1.5,1
NEON.PLA.D08.TALL.03013,TALL_045,vst_TALL_2018,NA,1
NEON.PLA.D08.TALL.03015,TALL_045,vst_TALL_2018,1.5,1
NEON.PLA.D08.TALL.03016,TALL_045,vst_TALL_2018,NA,1
NEON.PLA.D08.TALL.03018,TALL_045,vst_TALL_2018,1.4,1
NEON.PLA.D08.TALL.03022,TALL_045,vst_TALL_2018,4.6,1
NEON.PLA.D08.TALL.03035,TALL_045,vst_TALL_2018,NA,1
NEON.PLA.D08.TALL.03036,TALL_045,vst_TALL_2018,NA,2
NEON.PLA.D08.TALL.03037,TALL_045,vst_TALL_2018,16.4,1
NEON.PLA.D08.TALL.03039,TALL_045,vst_TALL_2018,17,1
NEON.PLA.D08.TALL.03040,TALL_045,vst_TALL_2018,16.6,1
NEON.PLA.D08.TALL.03043,TALL_045,vst_TALL_2018,17.4,1
NEON.PLA.D08.TALL.03046,TALL_045,vst_TALL_2018,14.5,1
NEON.PLA.D08.TALL.03047,TALL_045,vst_TALL_2018,12.2,1
NEON.PLA.D08.TALL.03048,TALL_045,vst_TALL_2018,12.2,1
NEON.PLA.D08.TALL.03049,TALL_045,vst_TALL_2018,10.8,1
NEON.PLA.D08.TALL.03050,TALL_045,vst_TALL_2018,10.8,1
NEON.PLA.D08.TALL.03051,TALL_045,vst_TALL_2018,13.9,1
NEON.PLA.D08.TALL.03052,TALL_045,vst_TALL_2018,17.2,1
NEON.PLA.D08.TALL.03053,TALL_045,vst_TALL_2018,16.1,1
NEON.PLA.D08.TALL.03054,TALL_045,vst_TALL_2018,18,1
NEON.PLA.D08.TALL.03055,TALL_045,vst_TALL_2018,15.7,1
NEON.PLA.D08.TALL.03057,TALL_045,vst_TALL_2018,NA,1
NEON.PLA.D08.TALL.03058,TALL_045,vst_TALL_2018,13.5,1
NEON.PLA.D08.TALL.03059,TALL_045,vst_TALL_2018,17.8,1
NEON.PLA.D08.TALL.03060,TALL_045,vst_TALL_2018,18.4,1
NEON.PLA.D08.TALL.03061,TALL_045,vst_TALL_2018,5.8,1
NEON.PLA.D08.TALL.03062,TALL_045,vst_TALL_2018,14.3,1
NEON.PLA.D08.TALL.03063,TALL_045,vst_TALL_2018,16.6,1
NEON.PLA.D08.TALL.03064,TALL_045,vst_TALL_2018,13.9,1
NEON.PLA.D08.TALL.03065,TALL_045,vst_TALL_2018,16.8,1
NEON.PLA.D08.TALL.03066,TALL_045,vst_TALL_2018,16.5,1
NEON.PLA.D08.TALL.03067,TALL_045,vst_TALL_2018,10.5,1
NEON.PLA.D08.TALL.03068,TALL_045,vst_TALL_2018,14,1
NEON.PLA.D08.TALL.03069,TALL_045,vst_TALL_2018,11.2,1
NEON.PLA.D08.TALL.03070,TALL_045,vst_TALL_2018,16.7,1
NEON.PLA.D08.TALL.03071,TALL_045,vst_TALL_2018,15.8,1
NEON.PLA.D08.TALL.03072,TALL_045,vst_TALL_2018,19.8,1
NEON.PLA.D08.TALL.03073,TALL_045,vst_TALL_2018,15.3,1
NEON.PLA.D08.TALL.03074,TALL_045,vst_TALL_2018,15.2,1
NEON.PLA.D08.TALL.03075,TALL_045,vst_TALL_2018,15.8,1
NEON.PLA.D08.TALL.03076,TALL_045,vst_TALL_2018,8.6,1
NEON.PLA.D08.TALL.03077,TALL_045,vst_TALL_2018,16,1
NEON.PLA.D08.TALL.03078,TALL_045,vst_TALL_2018,17.6,1
NEON.PLA.D08.TALL.03079,TALL_045,vst_TALL_2018,9,1
NEON.PLA.D08.TALL.03081,TALL_045,vst_TALL_2018,15.9,1
NEON.PLA.D08.TALL.03082,TALL_045,vst_TALL_2018,15.5,1
NEON.PLA.D08.TALL.03082A,TALL_045,vst_TALL_2018,15.5,1
NEON.PLA.D08.TALL.03083,TALL_045,vst_TALL_2018,16.2,1
NEON.PLA.D08.TALL.03084,TALL_045,vst_TALL_2018,13.2,1
NEON.PLA.D08.TALL.03085,TALL_045,vst_TALL_2018,15,1
NEON.PLA.D08.TALL.03086,TALL_045,vst_TALL_2018,12.8,1
NEON.PLA.D08.TALL.03087,TALL_045,vst_TALL_2018,10.4,1
NEON.PLA.D08.TALL.03088,TALL_045,vst_TALL_2018,14.9,1
NEON.PLA.D08.TALL.03089,TALL_045,vst_TALL_2018,12.5,1
NEON.PLA.D08.TALL.03090,TALL_045,vst_TALL_2018,15.1,1
NEON.PLA.D08.TALL.03091,TALL_045,vst_TALL_2018,8.6,1
NEON.PLA.D08.TALL.03092,TALL_045,vst_TALL_2018,14.8,1
NEON.PLA.D08.TALL.03093,TALL_045,vst_TALL_2018,3.8,2
NEON.PLA.D08.TALL.03094,TALL_045,vst_TALL_2018,5.4,1
NEON.PLA.D08.TALL.03094A,TALL_045,vst_TALL_2018,5.4,1
NEON.PLA.D08.TALL.03094B,TALL_045,vst_TALL_2018,5.4,1
NEON.PLA.D08.TALL.03095,TALL_045,vst_TALL_2018,15.4,1
NEON.PLA.D08.TALL.03096,TALL_045,vst_TALL_2018,17.3,1
NEON.PLA.D08.TALL.03097,TALL_045,vst_TALL_2018,11.6,1
NEON.PLA.D08.TALL.03098,TALL_045,vst_TALL_2018,13.9,1
NEON.PLA.D08.TALL.03099,TALL_046,vst_TALL_2018,15.9,1
NEON.PLA.D08.TALL.03100,TALL_043,vst_TALL_2018,NA,1
NEON.PLA.D08.TALL.03101,TALL_045,vst_TALL_2018,11.3,1
NEON.PLA.D08.TALL.03102,TALL_045,vst_TALL_2018,14.7,1
NEON.PLA.D08.TALL.03103,TALL_045,vst_TALL_2018,11,1
NEON.PLA.D08.TALL.03104,TALL_045,vst_TALL_2018,15,1
NEON.PLA.D08.TALL.03105,TALL_045,vst_TALL_2018,12.6,1
NEON.PLA.D08.TALL.03106,TALL_045,vst_TALL_2018,8.9,1
NEON.PLA.D08.TALL.03107,TALL_045,vst_TALL_2018,9.5,1
NEON.PLA.D08.TALL.03108,TALL_045,vst_TALL_2018,14.6,1
NEON.PLA.D08.TALL.03109,TALL_045,vst_TALL_2018,15.6,1
NEON.PLA.D08.TALL.03110,TALL_045,vst_TALL_2018,12.3,1
NEON.PLA.D08.TALL.03111,TALL_045,vst_TALL_2018,12.7,1
NEON.PLA.D08.TALL.03112,TALL_045,vst_TALL_2018,11.9,1
NEON.PLA.D08.TALL.03113,TALL_043,vst_TALL_2018,0.7,2
NEON.PLA.D08.TALL.03118,TALL_046,vst_TALL_2018,NA,1
NEON.PLA.D08.TALL.03123,TALL_046,vst_TALL_2018,6.8,1
NEON.PLA.D08.TALL.03124,TALL_046,vst_TALL_2018,4.2,2
NEON.PLA.D08.TALL.03125,TALL_046,vst_TALL_2018,5.4,1
NEON.PLA.D08.TALL.03126,TALL_046,vst_TALL_2018,10.5,1
NEON.PLA.D08.TALL.03127,TALL_046,vst_TALL_2018,NA,1
NEON.PLA.D08.TALL.03129,TALL_046,vst_TALL_2018,7.2,1
NEON.PLA.D08.TALL.03130,TALL_046,vst_TALL_2018,NA,1
NEON.PLA.D08.TALL.03131,TALL_046,vst_TALL_2018,5.5,1
NEON.PLA.D08.TALL.03132,TALL_046,vst_TALL_2018,12.3,1
NEON.PLA.D08.TALL.03133,TALL_046,vst_TALL_2018,6.8,1
NEON.PLA.D08.TALL.03138,TALL_046,vst_TALL_2018,5.15,2
NEON.PLA.D08.TALL.03140,TALL_046,vst_TALL_2018,7.3,1
NEON.PLA.D08.TALL.03141,TALL_046,vst_TALL_2018,7.9,2
NEON.PLA.D08.TALL.03143,TALL_046,vst_TALL_2018,6.5,1
NEON.PLA.D08.TALL.03144,TALL_046,vst_TALL_2018,10.5,1
NEON.PLA.D08.TALL.03145,TALL_046,vst_TALL_2018,NA,1
NEON.PLA.D08.TALL.03146,TALL_046,vst_TALL_2018,NA,1
NEON.PLA.D08.TALL.03150,TALL_046,vst_TALL_2018,9.7,1
NEON.PLA.D08.TALL.03151,TALL_046,vst_TALL_2018,6.4,1
NEON.PLA.D08.TALL.03156,TALL_046,vst_TALL_2018,8.6,1
NEON.PLA.D08.TALL.03157,TALL_046,vst_TALL_2018,16.6,1
NEON.PLA.D08.TALL.03158,TALL_046,vst_TALL_2018,17.5,1
NEON.PLA.D08.TALL.03159,TALL_046,vst_TALL_2018,15.5,1
NEON.PLA.D08.TALL.03160,TALL_046,vst_TALL_2018,16.9,1
NEON.PLA.D08.TALL.03161,TALL_046,vst_TALL_2018,16.9,1
NEON.PLA.D08.TALL.03162,TALL_046,vst_TALL_2018,8.2,1
NEON.PLA.D08.TALL.03163,TALL_046,vst_TALL_2018,17.2,1
NEON.PLA.D08.TALL.03164,TALL_046,vst_TALL_2018,14.3,1
NEON.PLA.D08.TALL.03165,TALL_046,vst_TALL_2018,20.7,1
NEON.PLA.D08.TALL.03167,TALL_046,vst_TALL_2018,20.6,1
NEON.PLA.D08.TALL.03168,TALL_046,vst_TALL_2018,17.8,1
NEON.PLA.D08.TALL.03169,TALL_046,vst_TALL_2018,14.6,1
NEON.PLA.D08.TALL.03170,TALL_046,vst_TALL_2018,19.9,1
NEON.PLA.D08.TALL.03171,TALL_046,vst_TALL_2018,18.7,1
NEON.PLA.D08.TALL.03172,TALL_046,vst_TALL_2018,15.6,1
NEON.PLA.D08.TALL.03173,TALL_046,vst_TALL_2018,14.1,1
NEON.PLA.D08.TALL.03174,TALL_046,vst_TALL_2018,NA,1
NEON.PLA.D08.TALL.03175,TALL_046,vst_TALL_2018,18,1
NEON.PLA.D08.TALL.03176,TALL_046,vst_TALL_2018,16.6,1
NEON.PLA.D08.TALL.03177,TALL_046,vst_TALL_2018,14,1
NEON.PLA.D08.TALL.03178,TALL_046,vst_TALL_2018,15.2,1
NEON.PLA.D08.TALL.03179,TALL_046,vst_TALL_2018,18.5,1
NEON.PLA.D08.TALL.03180,TALL_046,vst_TALL_2018,14.7,1
NEON.PLA.D08.TALL.03181,TALL_046,vst_TALL_2018,13.4,1
NEON.PLA.D08.TALL.03182,TALL_046,vst_TALL_2018,12.2,1
NEON.PLA.D08.TALL.03183,TALL_046,vst_TALL_2018,16.1,1
NEON.PLA.D08.TALL.03184,TALL_046,vst_TALL_2018,18.3,1
NEON.PLA.D08.TALL.03185,TALL_046,vst_TALL_2018,15.6,1
NEON.PLA.D08.TALL.03186,TALL_046,vst_TALL_2018,15.4,1
NEON.PLA.D08.TALL.03187,TALL_046,vst_TALL_2018,11.5,1
NEON.PLA.D08.TALL.03188,TALL_046,vst_TALL_2018,10.1,1
NEON.PLA.D08.TALL.03189,TALL_046,vst_TALL_2018,6.4,1
NEON.PLA.D08.TALL.03190,TALL_046,vst_TALL_2018,17.6,1
NEON.PLA.D08.TALL.03191,TALL_046,vst_TALL_2018,8.2,1
NEON.PLA.D08.TALL.03192,TALL_046,vst_TALL_2018,18,1
NEON.PLA.D08.TALL.03193,TALL_046,vst_TALL_2018,13,1
NEON.PLA.D08.TALL.03194,TALL_046,vst_TALL_2018,17.7,1
NEON.PLA.D08.TALL.03195,TALL_046,vst_TALL_2018,15.2,1
NEON.PLA.D08.TALL.03196,TALL_046,vst_TALL_2018,16,1
NEON.PLA.D08.TALL.03197,TALL_046,vst_TALL_2018,8,1
NEON.PLA.D08.TALL.03198,TALL_046,vst_TALL_2018,18.9,1
NEON.PLA.D08.TALL.03199,TALL_046,vst_TALL_2018,15.8,1
NEON.PLA.D08.TALL.03200,TALL_046,vst_TALL_2018,17,1
NEON.PLA.D08.TALL.03201,TALL_043,vst_TALL_2018,6.4,1
NEON.PLA.D08.TALL.03203,TALL_042,vst_TALL_2018,10.2,1
NEON.PLA.D08.TALL.03204,TALL_042,vst_TALL_2018,11.5,1
NEON.PLA.D08.TALL.03206,TALL_042,vst_TALL_2018,14.2,1
NEON.PLA.D08.TALL.03208,TALL_042,vst_TALL_2018,12.5,1
NEON.PLA.D08.TALL.03209,TALL_042,vst_TALL_2018,12.2,1
NEON.PLA.D08.TALL.03212,TALL_042,vst_TALL_2018,13.3,1
NEON.PLA.D08.TALL.03213,TALL_042,vst_TALL_2018,12.1,1
NEON.PLA.D08.TALL.03214,TALL_042,vst_TALL_2018,12.4,1
NEON.PLA.D08.TALL.03215,TALL_042,vst_TALL_2018,13.5,1
NEON.PLA.D08.TALL.03216,TALL_042,vst_TALL_2018,13.5,1
NEON.PLA.D08.TALL.03217,TALL_042,vst_TALL_2018,11.6,1
NEON.PLA.D08.TALL.03218,TALL_042,vst_TALL_2018,11,1
NEON.PLA.D08.TALL.03219,TALL_042,vst_TALL_2018,15.4,1
NEON.PLA.D08.TALL.03220,TALL_042,vst_TALL_2018,13.1,1
NEON.PLA.D08.TALL.03221,TALL_042,vst_TALL_2018,16.4,1
NEON.PLA.D08.TALL.03222,TALL_042,vst_TALL_2018,13.4,1
NEON.PLA.D08.TALL.03225,TALL_042,vst_TALL_2018,12,1
NEON.PLA.D08.TALL.03226,TALL_042,vst_TALL_2018,11.2,1
NEON.PLA.D08.TALL.03227,TALL_042,vst_TALL_2018,14.1,1
NEON.PLA.D08.TALL.03231,TALL_042,vst_TALL_2018,17.7,1
NEON.PLA.D08.TALL.03233,TALL_042,vst_TALL_2018,12.4,1
NEON.PLA.D08.TALL.03236,TALL_042,vst_TALL_2018,4.7,1
NEON.PLA.D08.TALL.03237,TALL_042,vst_TALL_2018,15.8,1
NEON.PLA.D08.TALL.03238,TALL_042,vst_TALL_2018,8,1
NEON.PLA.D08.TALL.03240,TALL_042,vst_TALL_2018,16.5,1
NEON.PLA.D08.TALL.03241,TALL_042,vst_TALL_2018,23.6,1
NEON.PLA.D08.TALL.03242,TALL_042,vst_TALL_2018,19.1,1
NEON.PLA.D08.TALL.03243,TALL_042,vst_TALL_2018,NA,1
NEON.PLA.D08.TALL.03244,TALL_042,vst_TALL_2018,21.7,1
NEON.PLA.D08.TALL.03245,TALL_042,vst_TALL_2018,14.5,1
NEON.PLA.D08.TALL.03246,TALL_044,vst_TALL_2018,0.6,1
NEON.PLA.D08.TALL.03250,TALL_044,vst_TALL_2018,1,1
NEON.PLA.D08.TALL.03252,TALL_044,vst_TALL_2018,1.4,1
NEON.PLA.D08.TALL.03253,TALL_044,vst_TALL_2018,1.4,1
NEON.PLA.D08.TALL.03255,TALL_044,vst_TALL_2018,0.7,1
NEON.PLA.D08.TALL.03256,TALL_044,vst_TALL_2018,1.2,1
NEON.PLA.D08.TALL.03257,TALL_044,vst_TALL_2018,1.5,1
NEON.PLA.D08.TALL.03259,TALL_044,vst_TALL_2018,NA,1
NEON.PLA.D08.TALL.03260,TALL_044,vst_TALL_2018,0.9,1
NEON.PLA.D08.TALL.03262,TALL_044,vst_TALL_2018,0.5,1
NEON.PLA.D08.TALL.03263,TALL_044,vst_TALL_2018,NA,1
NEON.PLA.D08.TALL.03264,TALL_044,vst_TALL_2018,1.7,1
NEON.PLA.D08.TALL.03265,TALL_044,vst_TALL_2018,0.8,1
NEON.PLA.D08.TALL.03268,TALL_044,vst_TALL_2018,0.8,1
NEON.PLA.D08.TALL.03276,TALL_044,vst_TALL_2018,8.8,1
NEON.PLA.D08.TALL.03277,TALL_044,vst_TALL_2018,NA,1
NEON.PLA.D08.TALL.03278,TALL_044,vst_TALL_2018,1.9,1
NEON.PLA.D08.TALL.03285,TALL_044,vst_TALL_2018,1,2
NEON.PLA.D08.TALL.03286,TALL_044,vst_TALL_2018,NA,1
NEON.PLA.D08.TALL.03287,TALL_044,vst_TALL_2018,1.4,1
NEON.PLA.D08.TALL.03288,TALL_044,vst_TALL_2018,13.4,1
NEON.PLA.D08.TALL.03289,TALL_044,vst_TALL_2018,15.2,1
NEON.PLA.D08.TALL.03290,TALL_044,vst_TALL_2018,14.6,1
NEON.PLA.D08.TALL.03291,TALL_044,vst_TALL_2018,16.3,1
NEON.PLA.D08.TALL.03292,TALL_044,vst_TALL_2018,17,1
NEON.PLA.D08.TALL.03293,TALL_044,vst_TALL_2018,11.9,1
NEON.PLA.D08.TALL.03295,TALL_044,vst_TALL_2018,18.1,1
NEON.PLA.D08.TALL.03296,TALL_044,vst_TALL_2018,18.2,1
NEON.PLA.D08.TALL.03297,TALL_044,vst_TALL_2018,13.7,1
NEON.PLA.D08.TALL.03298,TALL_044,vst_TALL_2018,17,1
NEON.PLA.D08.TALL.03299,TALL_044,vst_TALL_2018,8,1
NEON.PLA.D08.TALL.03301,TALL_043,vst_TALL_2018,1,1
NEON.PLA.D08.TALL.03304,TALL_043,vst_TALL_2018,0.7,1
NEON.PLA.D08.TALL.03307,TALL_043,vst_TALL_2018,0.7,2
NEON.PLA.D08.TALL.03311,TALL_043,vst_TALL_2018,NA,1
NEON.PLA.D08.TALL.03313,TALL_043,vst_TALL_2018,7.2,1
NEON.PLA.D08.TALL.03315,TALL_043,vst_TALL_2018,NA,1
NEON.PLA.D08.TALL.03316,TALL_043,vst_TALL_2018,NA,1
NEON.PLA.D08.TALL.03319,TALL_043,vst_TALL_2018,NA,1
NEON.PLA.D08.TALL.03321,TALL_043,vst_TALL_2018,5.6,1
NEON.PLA.D08.TALL.03323,TALL_043,vst_TALL_2018,NA,1
NEON.PLA.D08.TALL.03327,TALL_043,vst_TALL_2018,11.1,1
NEON.PLA.D08.TALL.03329,TALL_043,vst_TALL_2018,11.3,1
NEON.PLA.D08.TALL.03330,TALL_043,vst_TALL_2018,15.2,1
NEON.PLA.D08.TALL.03331,TALL_043,vst_TALL_2018,6.8,1
NEON.PLA.D08.TALL.03332,TALL_043,vst_TALL_2018,10.6,1
NEON.PLA.D08.TALL.03334,TALL_043,vst_TALL_2018,12.3,1
NEON.PLA.D08.TALL.03336,TALL_043,vst_TALL_2018,12.9,1
NEON.PLA.D08.TALL.03337,TALL_043,vst_TALL_2018,14.8,1
NEON.PLA.D08.TALL.03338,TALL_043,vst_TALL_2018,17,1
NEON.PLA.D08.TALL.03339,TALL_043,vst_TALL_2018,12.8,1
NEON.PLA.D08.TALL.03340,TALL_043,vst_TALL_2018,15.9,1
NEON.PLA.D08.TALL.03341,TALL_043,vst_TALL_2018,8.5,1
NEON.PLA.D08.TALL.03342,TALL_043,vst_TALL_2018,12.9,1
NEON.PLA.D08.TALL.03343,TALL_043,vst_TALL_2018,9.1,1
NEON.PLA.D08.TALL.03344,TALL_043,vst_TALL_2018,10.3,1
NEON.PLA.D08.TALL.03345,TALL_043,vst_TALL_2018,12.9,1
NEON.PLA.D08.TALL.03346,TALL_043,vst_TALL_2018,11.8,1
NEON.PLA.D08.TALL.03347,TALL_043,vst_TALL_2018,8.6,1
NEON.PLA.D08.TALL.03348,TALL_043,vst_TALL_2018,13.2,1
NEON.PLA.D08.TALL.03349,TALL_043,vst_TALL_2018,12,1
NEON.PLA.D08.TALL.03350,TALL_043,vst_TALL_2018,10.5,1
NEON.PLA.D08.TALL.03351,TALL_043,vst_TALL_2018,8.8,1
NEON.PLA.D08.TALL.03352,TALL_043,vst_TALL_2018,20.3,1
NEON.PLA.D08.TALL.03353,TALL_043,vst_TALL_2018,21.1,1
NEON.PLA.D08.TALL.03356,TALL_043,vst_TALL_2018,20.6,1
NEON.PLA.D08.TALL.03357,TALL_043,vst_TALL_2018,15.7,1
NEON.PLA.D08.TALL.03358,TALL_043,vst_TALL_2018,10,1
NEON.PLA.D08.TALL.03359,TALL_043,vst_TALL_2018,19,1
NEON.PLA.D08.TALL.03360,TALL_043,vst_TALL_2018,9.9,1
NEON.PLA.D08.TALL.03361,TALL_043,vst_TALL_2018,11.4,1
NEON.PLA.D08.TALL.03362,TALL_043,vst_TALL_2018,11.9,1
NEON.PLA.D08.TALL.03364,TALL_042,vst_TALL_2018,NA,1
NEON.PLA.D08.TALL.03365,TALL_042,vst_TALL_2018,NA,1
NEON.PLA.D08.TALL.03366,TALL_042,vst_TALL_2018,NA,1
NEON.PLA.D08.TALL.03378,TALL_042,vst_TALL_2018,1.4,2
NEON.PLA.D08.TALL.03385,TALL_042,vst_TALL_2018,NA,1
NEON.PLA.D08.TALL.03387,TALL_042,vst_TALL_2018,4,2
NEON.PLA.D08.TALL.03388,TALL_042,vst_TALL_2018,NA,1
NEON.PLA.D08.TALL.03389,TALL_042,vst_TALL_2018,1.7,2
NEON.PLA.D08.TALL.03390,TALL_042,vst_TALL_2018,11.6,1
NEON.PLA.D08.TALL.03391,TALL_042,vst_TALL_2018,12.4,1
NEON.PLA.D08.TALL.03392,TALL_042,vst_TALL_2018,10.9,1
NEON.PLA.D08.TALL.03393,TALL_042,vst_TALL_2018,14.5,1
NEON.PLA.D08.TALL.03394,TALL_042,vst_TALL_2018,13.7,1
NEON.PLA.D08.TALL.03395,TALL_042,vst_TALL_2018,11.8,1
NEON.PLA.D08.TALL.03396,TALL_042,vst_TALL_2018,12,1
NEON.PLA.D08.TALL.03397,TALL_042,vst_TALL_2018,14.5,1
NEON.PLA.D08.TALL.03398,TALL_042,vst_TALL_2018,12.5,1
NEON.PLA.D08.TALL.03399,TALL_042,vst_TALL_2018,12.8,1
NEON.PLA.D08.TALL.03401,TALL_044,vst_TALL_2018,11.5,1
NEON.PLA.D08.TALL.03402,TALL_044,vst_TALL_2018,13.5,1
NEON.PLA.D08.TALL.03405,TALL_044,vst_TALL_2018,9.6,1
NEON.PLA.D08.TALL.03406,TALL_044,vst_TALL_2018,15,1
NEON.PLA.D08.TALL.03407,TALL_044,vst_TALL_2018,13.2,1
NEON.PLA.D08.TALL.03408,TALL_044,vst_TALL_2018,16.2,1
NEON.PLA.D08.TALL.03409,TALL_044,vst_TALL_2018,18.4,1
NEON.PLA.D08.TALL.03410,TALL_044,vst_TALL_2018,18.8,1
NEON.PLA.D08.TALL.03411,TALL_044,vst_TALL_2018,13.2,1
NEON.PLA.D08.TALL.03412,TALL_044,vst_TALL_2018,16.4,1
NEON.PLA.D08.TALL.03413,TALL_044,vst_TALL_2018,16.1,1
NEON.PLA.D08.TALL.03414,TALL_044,vst_TALL_2018,17,1
NEON.PLA.D08.TALL.03414A,TALL_044,vst_TALL_2018,17,1
NEON.PLA.D08.TALL.03415,TALL_044,vst_TALL_2018,18,1
NEON.PLA.D08.TALL.03416,TALL_044,vst_TALL_2018,10.4,1
NEON.PLA.D08.TALL.03417,TALL_044,vst_TALL_2018,16.6,1
NEON.PLA.D08.TALL.03418,TALL_044,vst_TALL_2018,NA,1
NEON.PLA.D08.TALL.03419,TALL_044,vst_TALL_2018,17.9,1
NEON.PLA.D08.TALL.03420,TALL_044,vst_TALL_2018,11.6,1
NEON.PLA.D08.TALL.03421,TALL_044,vst_TALL_2018,5.9,1
NEON.PLA.D08.TALL.03422,TALL_044,vst_TALL_2018,17.9,1
NEON.PLA.D08.TALL.03423,TALL_044,vst_TALL_2018,11.5,1
NEON.PLA.D08.TALL.03424,TALL_044,vst_TALL_2018,11.1,1
NEON.PLA.D08.TALL.03425,TALL_044,vst_TALL_2018,18.4,1
NEON.PLA.D08.TALL.03426,TALL_044,vst_TALL_2018,17.5,1
NEON.PLA.D08.TALL.03428,TALL_044,vst_TALL_2018,8.4,1
NEON.PLA.D08.TALL.03429,TALL_044,vst_TALL_2018,14.3,1
NEON.PLA.D08.TALL.03430,TALL_044,vst_TALL_2018,17.8,1
NEON.PLA.D08.TALL.03431,TALL_044,vst_TALL_2018,16.3,1
NEON.PLA.D08.TALL.03432,TALL_044,vst_TALL_2018,14,1
NEON.PLA.D08.TALL.03433,TALL_044,vst_TALL_2018,12,1
NEON.PLA.D08.TALL.03435,TALL_044,vst_TALL_2018,11.2,1
NEON.PLA.D08.TALL.03436,TALL_044,vst_TALL_2018,15.6,1
NEON.PLA.D08.TALL.03437,TALL_044,vst_TALL_2018,14.1,2
NEON.PLA.D08.TALL.03438,TALL_044,vst_TALL_2018,13.5,1
NEON.PLA.D08.TALL.03439,TALL_044,vst_TALL_2018,17.1,1
NEON.PLA.D08.TALL.03440,TALL_044,vst_TALL_2018,8.7,1
NEON.PLA.D08.TALL.03441,TALL_044,vst_TALL_2018,16.8,1
NEON.PLA.D08.TALL.03442,TALL_044,vst_TALL_2018,18.3,1
NEON.PLA.D08.TALL.03443,TALL_044,vst_TALL_2018,19.8,1
NEON.PLA.D08.TALL.03444,TALL_044,vst_TALL_2018,15.3,1
NEON.PLA.D08.TALL.03445,TALL_044,vst_TALL_2018,11.9,1
NEON.PLA.D08.TALL.03446,TALL_044,vst_TALL_2018,18.1,1
NEON.PLA.D08.TALL.03447,TALL_044,vst_TALL_2018,13.7,1
NEON.PLA.D08.TALL.03448,TALL_044,vst_TALL_2018,19.5,1
NEON.PLA.D08.TALL.03449,TALL_044,vst_TALL_2018,15.3,1
NEON.PLA.D08.TALL.03450,TALL_044,vst_TALL_2018,8.6,1
NEON.PLA.D08.TALL.03451,TALL_044,vst_TALL_2018,10.6,1
NEON.PLA.D08.TALL.03452,TALL_044,vst_TALL_2018,14.9,1
NEON.PLA.D08.TALL.03453,TALL_044,vst_TALL_2018,18.2,1
NEON.PLA.D08.TALL.03455,TALL_042,vst_TALL_2018,NA,1
NEON.PLA.D08.TALL.06046,TALL_048,vst_TALL_2018,17.4,1
NEON.PLA.D08.TALL.10311,TALL_049,vst_TALL_2018,0.8,1
NEON.PLA.D08.TALL.10466,TALL_043,vst_TALL_2018,1.1,1
NEON.PLA.D08.TALL.10467,TALL_043,vst_TALL_2018,1.2,1
NEON.PLA.D08.TALL.10468,TALL_043,vst_TALL_2018,1.2,1
NEON.PLA.D08.TALL.10469,TALL_043,vst_TALL_2018,1.3,1
NEON.PLA.D08.TALL.10470,TALL_043,vst_TALL_2018,0.9,1
NEON.PLA.D08.TALL.10471,TALL_043,vst_TALL_2018,NA,1
NEON.PLA.D08.TALL.10472,TALL_043,vst_TALL_2018,NA,1
NEON.PLA.D08.TALL.10473,TALL_043,vst_TALL_2018,1.2,1
NEON.PLA.D08.TALL.10474,TALL_043,vst_TALL_2018,12.3,1
NEON.PLA.D08.TALL.10475,TALL_043,vst_TALL_2018,1.4,1
NEON.PLA.D08.TALL.10476,TALL_043,vst_TALL_2018,1,1
NEON.PLA.D08.TALL.10477,TALL_043,vst_TALL_2018,1.2,1
NEON.PLA.D08.TALL.10478,TALL_043,vst_TALL_2018,1,1
NEON.PLA.D08.TALL.10479,TALL_043,vst_TALL_2018,NA,1
NEON.PLA.D08.TALL.10481,TALL_043,vst_TALL_2018,NA,1
NEON.PLA.D08.TALL.10482,TALL_043,vst_TALL_2018,7.3,1
NEON.PLA.D08.TALL.10483,TALL_043,vst_TALL_2018,2.9,1
NEON.PLA.D08.TALL.10484,TALL_043,vst_TALL_2018,8,1
NEON.PLA.D08.TALL.10484A,TALL_043,vst_TALL_2018,8,1
NEON.PLA.D08.TALL.10485,TALL_043,vst_TALL_2018,NA,1
NEON.PLA.D08.TALL.10486,TALL_043,vst_TALL_2018,2.8,1
NEON.PLA.D08.TALL.10487,TALL_043,vst_TALL_2018,7.1,1
NEON.PLA.D08.TALL.10488,TALL_043,vst_TALL_2018,5.9,1
NEON.PLA.D08.TALL.10489,TALL_043,vst_TALL_2018,5.1,1
NEON.PLA.D08.TALL.10490,TALL_043,vst_TALL_2018,1.3,1
NEON.PLA.D08.TALL.10491,TALL_043,vst_TALL_2018,1.9,1
NEON.PLA.D08.TALL.10492,TALL_043,vst_TALL_2018,1.8,1
NEON.PLA.D08.TALL.10493,TALL_043,vst_TALL_2018,0.8,1
NEON.PLA.D08.TALL.10494,TALL_043,vst_TALL_2018,0.8,1
NEON.PLA.D08.TALL.10495,TALL_043,vst_TALL_2018,1.3,1
NEON.PLA.D08.TALL.10496,TALL_043,vst_TALL_2018,10.9,1
NEON.PLA.D08.TALL.10497,TALL_045,vst_TALL_2018,NA,1
NEON.PLA.D08.TALL.10498,TALL_045,vst_TALL_2018,12.1,1
NEON.PLA.D08.TALL.10499,TALL_046,vst_TALL_2018,NA,1
NEON.PLA.D08.TALL.10500,TALL_049,vst_TALL_2018,0.7,2
NEON.PLA.D08.TALL.11107,TALL_042,vst_TALL_2018,1.2,1
NEON.PLA.D08.TALL.11108,TALL_042,vst_TALL_2018,1.7,2
NEON.PLA.D08.TALL.11109,TALL_042,vst_TALL_2018,2,3
NEON.PLA.D08.TALL.11111,TALL_042,vst_TALL_2018,2.7,1
NEON.PLA.D08.TALL.11112,TALL_042,vst_TALL_2018,3.4,1
NEON.PLA.D08.TALL.11113,TALL_042,vst_TALL_2018,NA,1
NEON.PLA.D08.TALL.11114,TALL_042,vst_TALL_2018,2.4,1
NEON.PLA.D08.TALL.11115,TALL_044,vst_TALL_2018,1.7,2
NEON.PLA.D08.TALL.11117,TALL_044,vst_TALL_2018,1.6,1
NEON.PLA.D08.TALL.11118,TALL_042,vst_TALL_2018,11.4,1
NEON.PLA.D08.TALL.11119,TALL_044,vst_TALL_2018,1.4,1
NEON.PLA.D08.TALL.11120,TALL_042,vst_TALL_2018,NA,1
NEON.PLA.D08.TALL.11124,TALL_042,vst_TALL_2018,NA,1
NEON.PLA.D08.TALL.11126,TALL_042,vst_TALL_2018,NA,1
NEON.PLA.D08.TALL.11127,TALL_054,vst_TALL_2018,11.1,1
NEON.PLA.D08.TALL.11128,TALL_054,vst_TALL_2018,10.2,1
NEON.PLA.D08.TALL.11129,TALL_059,vst_TALL_2018,3,1
NEON.PLA.D08.TALL.11130,TALL_059,vst_TALL_2018,1.4,1
NEON.PLA.D08.TALL.11131,TALL_059,vst_TALL_2018,1.5,1
NEON.PLA.D08.TALL.11132,TALL_058,vst_TALL_2018,1.3,3
NEON.PLA.D08.TALL.11133,TALL_061,vst_TALL_2018,2.6,1
NEON.PLA.D08.TALL.11135,TALL_061,vst_TALL_2018,1.9,3
NEON.PLA.D08.TALL.11136,TALL_061,vst_TALL_2018,1.3,2
NEON.PLA.D08.TALL.11137,TALL_061,vst_TALL_2018,NA,1
NEON.PLA.D08.TALL.11196,TALL_059,vst_TALL_2018,NA,1
NEON.PLA.D08.TALL.11197,TALL_042,vst_TALL_2018,1.3,1
NEON.PLA.D08.TALL.11199,TALL_046,vst_TALL_2018,5.3,1
NEON.PLA.D08.TALL.11200,TALL_042,vst_TALL_2018,1.3,1
NEON.PLA.D08.TALL.11201,TALL_043,vst_TALL_2018,7.7,1
NEON.PLA.D08.TALL.11202,TALL_043,vst_TALL_2018,NA,1
NEON.PLA.D08.TALL.11204,TALL_061,vst_TALL_2018,NA,1
NEON.PLA.D08.TALL.11205,TALL_061,vst_TALL_2018,NA,1
NEON.PLA.D08.TALL.11206,TALL_061,vst_TALL_2018,NA,1
NEON.PLA.D08.TALL.11208,TALL_050,vst_TALL_2018,17.7,1
NEON.PLA.D08.TALL.11210,TALL_057,vst_TALL_2018,10.1,1
NEON.PLA.D08.TALL.11211,TALL_057,vst_TALL_2018,15.2,1
NEON.PLA.D08.TALL.11212,TALL_057,vst_TALL_2018,NA,1
NEON.PLA.D08.TALL.11213,TALL_057,vst_TALL_2018,NA,1
NEON.PLA.D08.TALL.11214,TALL_057,vst_TALL_2018,NA,1
NEON.PLA.D08.TALL.11216,TALL_057,vst_TALL_2018,NA,1
NEON.PLA.D08.TALL.11217,TALL_057,vst_TALL_2018,NA,1
NEON.PLA.D08.TALL.11218,TALL_057,vst_TALL_2018,12.6,1
NEON.PLA.D08.TALL.11220,TALL_057,vst_TALL_2018,NA,1
NEON.PLA.D08.TALL.11223,TALL_057,vst_TALL_2018,NA,1
NEON.PLA.D08.TALL.11226,TALL_057,vst_TALL_2018,NA,1
NEON.PLA.D08.TALL.11227,TALL_057,vst_TALL_2018,NA,1
NEON.PLA.D08.TALL.11231,TALL_058,vst_TALL_2018,1,1
NEON.PLA.D08.TALL.11235,TALL_058,vst_TALL_2018,NA,1
NEON.PLA.D08.TALL.11236,TALL_058,vst_TALL_2018,NA,1
NEON.PLA.D08.TALL.11237,TALL_058,vst_TALL_2018,NA,1
NEON.PLA.D08.TALL.11239,TALL_059,vst_TALL_2018,NA,1
NEON.PLA.D08.TALL.11240,TALL_059,vst_TALL_2018,2.6,1
NEON.PLA.D08.TALL.11241,TALL_059,vst_TALL_2018,2.4,1
NEON.PLA.D08.TALL.11242,TALL_059,vst_TALL_2018,1.7,1
NEON.PLA.D08.TALL.11243,TALL_059,vst_TALL_2018,2.5,1
NEON.PLA.D08.TALL.11244,TALL_059,vst_TALL_2018,1.7,1
NEON.PLA.D08.TALL.11245,TALL_059,vst_TALL_2018,2.5,1
NEON.PLA.D08.TALL.11254,TALL_048,vst_TALL_2018,17.3,1
NEON.PLA.D08.TALL.11260,TALL_048,vst_TALL_2018,NA,1
NEON.PLA.D08.TALL.11302,TALL_046,vst_TALL_2018,9.8,1
NEON.PLA.D08.TALL.11303,TALL_046,vst_TALL_2018,11.6,1
NEON.PLA.D08.TALL.11304,TALL_046,vst_TALL_2018,3.5,1
NEON.PLA.D08.TALL.11304A,TALL_046,vst_TALL_2018,3.5,1
NEON.PLA.D08.TALL.11306,TALL_046,vst_TALL_2018,NA,1
NEON.PLA.D08.TALL.11308,TALL_046,vst_TALL_2018,13.4,1
NEON.PLA.D08.TALL.11312,TALL_046,vst_TALL_2018,2.8,1
NEON.PLA.D08.TALL.11316,TALL_051,vst_TALL_2018,16.4,1
NEON.PLA.D08.TALL.11318,TALL_051,vst_TALL_2018,7,1
NEON.PLA.D08.TALL.11320,TALL_051,vst_TALL_2018,4,3
NEON.PLA.D08.TALL.11321,TALL_051,vst_TALL_2018,NA,1
NEON.PLA.D08.TALL.11322,TALL_051,vst_TALL_2018,3,2
NEON.PLA.D08.TALL.11323,TALL_051,vst_TALL_2018,2.6,2
NEON.PLA.D08.TALL.11324,TALL_060,vst_TALL_2018,8.7,1
NEON.PLA.D08.TALL.11325,TALL_060,vst_TALL_2018,7.6,1
NEON.PLA.D08.TALL.11329,TALL_045,vst_TALL_2018,12.2,1
NEON.PLA.D08.TALL.11334,TALL_045,vst_TALL_2018,15.7,1
NEON.PLA.D08.TALL.11335,TALL_045,vst_TALL_2018,NA,1
NEON.PLA.D08.TALL.11337,TALL_056,vst_TALL_2018,NA,1
NEON.PLA.D08.TALL.11338,TALL_056,vst_TALL_2018,0.8,1
NEON.PLA.D08.TALL.11339,TALL_056,vst_TALL_2018,0.5,1
NEON.PLA.D08.TALL.11340,TALL_054,vst_TALL_2018,1.6,2
NEON.PLA.D08.TALL.11341,TALL_054,vst_TALL_2018,0.7,1
NEON.PLA.D08.TALL.11343,TALL_054,vst_TALL_2018,NA,1
NEON.PLA.D08.TALL.11345,TALL_042,vst_TALL_2018,12.5,1
NEON.PLA.D08.TALL.11345A,TALL_042,vst_TALL_2018,12.5,1
NEON.PLA.D08.TALL.11346,TALL_042,vst_TALL_2018,NA,1
NEON.PLA.D08.TALL.11347,TALL_042,vst_TALL_2018,2.3,1
NEON.PLA.D08.TALL.11348,TALL_053,vst_TALL_2018,1.8,1
NEON.PLA.D08.TALL.11349,TALL_053,vst_TALL_2018,1.6,1
NEON.PLA.D08.TALL.11350,TALL_053,vst_TALL_2018,NA,1
NEON.PLA.D08.TALL.11351,TALL_053,vst_TALL_2018,2.6,1
NEON.PLA.D08.TALL.11352,TALL_053,vst_TALL_2018,0.7,1
NEON.PLA.D08.TALL.11353,TALL_053,vst_TALL_2018,1,1
NEON.PLA.D08.TALL.11354,TALL_053,vst_TALL_2018,NA,1
NEON.PLA.D08.TALL.11355,TALL_053,vst_TALL_2018,NA,1
NEON.PLA.D08.TALL.11465,TALL_042,vst_TALL_2018,0.8,1
NEON.PLA.D08.TALL.11466,TALL_042,vst_TALL_2018,0.9,1
NEON.PLA.D08.TALL.11467,TALL_042,vst_TALL_2018,1,1
NEON.PLA.D08.TALL.11468,TALL_042,vst_TALL_2018,1.2,1
NEON.PLA.D08.TALL.11469,TALL_042,vst_TALL_2018,1.5,2
NEON.PLA.D08.TALL.11470,TALL_042,vst_TALL_2018,1,1
NEON.PLA.D08.TALL.11471,TALL_042,vst_TALL_2018,NA,1
NEON.PLA.D08.TALL.11472,TALL_042,vst_TALL_2018,1.9,2
NEON.PLA.D08.TALL.11473,TALL_042,vst_TALL_2018,NA,1
NEON.PLA.D08.TALL.11474,TALL_042,vst_TALL_2018,0.8,2
NEON.PLA.D08.TALL.11475,TALL_042,vst_TALL_2018,0.8,1
NEON.PLA.D08.TALL.11476,TALL_042,vst_TALL_2018,1,1
NEON.PLA.D08.TALL.11477,TALL_042,vst_TALL_2018,2.6,1
NEON.PLA.D08.TALL.11478,TALL_042,vst_TALL_2018,1.1,1
NEON.PLA.D08.TALL.11479,TALL_042,vst_TALL_2018,0.8,2
NEON.PLA.D08.TALL.11480,TALL_042,vst_TALL_2018,2.1,1
NEON.PLA.D08.TALL.11481,TALL_042,vst_TALL_2018,1,1
NEON.PLA.D08.TALL.11482,TALL_042,vst_TALL_2018,1.4,1
NEON.PLA.D08.TALL.11483,TALL_042,vst_TALL_2018,2.3,1
NEON.PLA.D08.TALL.11484,TALL_042,vst_TALL_2018,2,2
NEON.PLA.D08.TALL.11485,TALL_042,vst_TALL_2018,1.2,1
NEON.PLA.D08.TALL.11486,TALL_042,vst_TALL_2018,2.9,1
NEON.PLA.D08.TALL.11487,TALL_042,vst_TALL_2018,1.1,1
NEON.PLA.D08.TALL.11488,TALL_044,vst_TALL_2018,1.4,1
NEON.PLA.D08.TALL.11489,TALL_044,vst_TALL_2018,1.8,1
NEON.PLA.D08.TALL.11490,TALL_044,vst_TALL_2018,11.1,1
NEON.PLA.D08.TALL.11492,TALL_056,vst_TALL_2018,1.4,1
NEON.PLA.D08.TALL.11493,TALL_056,vst_TALL_2018,NA,1
NEON.PLA.D08.TALL.11494,TALL_056,vst_TALL_2018,0.9,1
NEON.PLA.D08.TALL.11495,TALL_056,vst_TALL_2018,0.6,1
NEON.PLA.D08.TALL.11496,TALL_056,vst_TALL_2018,0.7,1
NEON.PLA.D08.TALL.11497,TALL_056,vst_TALL_2018,1.7,1
NEON.PLA.D08.TALL.11498,TALL_055,vst_TALL_2018,6.5,1
NEON.PLA.D08.TALL.11500,TALL_055,vst_TALL_2018,NA,1
NEON.PLA.D08.TALL.12196,TALL_044,vst_TALL_2018,0.9,1
NEON.PLA.D08.TALL.12197,TALL_044,vst_TALL_2018,1.4,1
NEON.PLA.D08.TALL.12198,TALL_044,vst_TALL_2018,NA,1
NEON.PLA.D08.TALL.12435,TALL_047,vst_TALL_2018,1.3,1
NEON.PLA.D08.TALL.12437,TALL_049,vst_TALL_2018,1.3,1
NEON.PLA.D08.TALL.12438,TALL_055,vst_TALL_2018,1.3,1
NEON.PLA.D08.TALL.12439,TALL_055,vst_TALL_2018,NA,1
NEON.PLA.D08.TALL.12440,TALL_055,vst_TALL_2018,NA,1
NEON.PLA.D08.TALL.12441,TALL_055,vst_TALL_2018,NA,1
NEON.PLA.D08.TALL.12442,TALL_055,vst_TALL_2018,1.8,2
NEON.PLA.D08.TALL.12444,TALL_057,vst_TALL_2018,7.2,1
NEON.PLA.D08.TALL.12445,TALL_055,vst_TALL_2018,10.5,1
NEON.PLA.D08.TALL.12446,TALL_050,vst_TALL_2018,1.2,1
NEON.PLA.D08.TALL.12447,TALL_050,vst_TALL_2018,0.9,2
NEON.PLA.D08.TALL.12450,TALL_050,vst_TALL_2018,1.3,1
NEON.PLA.D08.TALL.12451,TALL_050,vst_TALL_2018,NA,1
NEON.PLA.D08.TALL.12453,TALL_057,vst_TALL_2018,NA,1
NEON.PLA.D08.TALL.12454,TALL_050,vst_TALL_2018,NA,1
NEON.PLA.D08.TALL.12456,TALL_050,vst_TALL_2018,1.4,1
NEON.PLA.D08.TALL.12457,TALL_050,vst_TALL_2018,NA,1
NEON.PLA.D08.TALL.12458,TALL_057,vst_TALL_2018,NA,1
NEON.PLA.D08.TALL.12460,TALL_057,vst_TALL_2018,NA,1
NEON.PLA.D08.TALL.12461,TALL_057,vst_TALL_2018,NA,1
NEON.PLA.D08.TALL.12462,TALL_057,vst_TALL_2018,13.1,1
NEON.PLA.D08.TALL.12464,TALL_056,vst_TALL_2018,NA,1
NEON.PLA.D08.TALL.12465,TALL_056,vst_TALL_2018,11,1
NEON.PLA.D08.TALL.12466,TALL_056,vst_TALL_2018,1.3,1
NEON.PLA.D08.TALL.12469,TALL_056,vst_TALL_2018,0.8,1
NEON.PLA.D08.TALL.12471,TALL_057,vst_TALL_2018,NA,1
NEON.PLA.D08.TALL.12472,TALL_057,vst_TALL_2018,NA,1
NEON.PLA.D08.TALL.12473,TALL_057,vst_TALL_2018,0.9,2
NEON.PLA.D08.TALL.12474,TALL_057,vst_TALL_2018,1.2,2
NEON.PLA.D08.TALL.12475,TALL_050,vst_TALL_2018,1.4,1
NEON.PLA.D08.TALL.12476,TALL_050,vst_TALL_2018,NA,1
NEON.PLA.D08.TALL.12477,TALL_050,vst_TALL_2018,1.3,1
NEON.PLA.D08.TALL.12478,TALL_057,vst_TALL_2018,0.9,1
NEON.PLA.D08.TALL.12479,TALL_049,vst_TALL_2018,1.6,1
NEON.PLA.D08.TALL.12482,TALL_049,vst_TALL_2018,NA,1
NEON.PLA.D08.TALL.12483,TALL_047,vst_TALL_2018,NA,1
NEON.PLA.D08.TALL.12484,TALL_047,vst_TALL_2018,2.6,1
NEON.PLA.D08.TALL.12491,TALL_049,vst_TALL_2018,NA,1
NEON.PLA.D08.TALL.12531,TALL_045,vst_TALL_2018,NA,1
NEON.PLA.D08.TALL.12532,TALL_045,vst_TALL_2018,NA,1
NEON.PLA.D08.TALL.12537,TALL_045,vst_TALL_2018,NA,1
NEON.PLA.D08.TALL.12541,TALL_043,vst_TALL_2018,9.6,1
NEON.PLA.D08.TALL.12542,TALL_045,vst_TALL_2018,1.9,1
NEON.PLA.D08.TALL.12545,TALL_052,vst_TALL_2018,NA,1
NEON.PLA.D08.TALL.12546,TALL_052,vst_TALL_2018,1.3,2
NEON.PLA.D08.TALL.12806,TALL_049,vst_TALL_2018,1.4,1
NEON.PLA.D08.TALL.12840,TALL_048,vst_TALL_2018,NA,1
NEON.PLA.D08.TALL.12841,TALL_049,vst_TALL_2018,1.6,1
NEON.PLA.D08.TALL.12843,TALL_048,vst_TALL_2018,NA,1
NEON.PLA.D08.TALL.12844,TALL_048,vst_TALL_2018,2.1,2
NEON.PLA.D08.TALL.12845,TALL_048,vst_TALL_2018,1.3,2
NEON.PLA.D08.TALL.12846,TALL_049,vst_TALL_2018,1.3,2
NEON.PLA.D08.TALL.12847,TALL_049,vst_TALL_2018,1,1
NEON.PLA.D08.TALL.12850,TALL_049,vst_TALL_2018,1.4,1
NEON.PLA.D08.TALL.12851,TALL_049,vst_TALL_2018,1.4,1
NEON.PLA.D08.TALL.12852,TALL_049,vst_TALL_2018,2,3
NEON.PLA.D08.TALL.12853,TALL_048,vst_TALL_2018,0.9,1
NEON.PLA.D08.TALL.12854,TALL_049,vst_TALL_2018,1.6,1
NEON.PLA.D08.TALL.13001,TALL_050,vst_TALL_2018,1.1,1
NEON.PLA.D08.TALL.13002,TALL_050,vst_TALL_2018,0.9,1
NEON.PLA.D08.TALL.13003,TALL_050,vst_TALL_2018,10.8,1
NEON.PLA.D08.TALL.13004,TALL_050,vst_TALL_2018,1,1
NEON.PLA.D08.TALL.13005,TALL_050,vst_TALL_2018,0.6,1
NEON.PLA.D08.TALL.13006,TALL_050,vst_TALL_2018,1.1,1
NEON.PLA.D08.TALL.13007,TALL_054,vst_TALL_2018,1.5,1
NEON.PLA.D08.TALL.13008,TALL_060,vst_TALL_2018,NA,1
NEON.PLA.D08.TALL.13009,TALL_060,vst_TALL_2018,1.7,1
NEON.PLA.D08.TALL.13010,TALL_060,vst_TALL_2018,1.3,1
NEON.PLA.D08.TALL.13011,TALL_060,vst_TALL_2018,1.7,1
NEON.PLA.D08.TALL.13012,TALL_060,vst_TALL_2018,7.8,1
NEON.PLA.D08.TALL.13013,TALL_060,vst_TALL_2018,1.9,1
NEON.PLA.D08.TALL.13014,TALL_060,vst_TALL_2018,10.2,1
NEON.PLA.D08.TALL.13015,TALL_060,vst_TALL_2018,1.8,1
NEON.PLA.D08.TALL.13016,TALL_060,vst_TALL_2018,1.4,1
NEON.PLA.D08.TALL.13017,TALL_060,vst_TALL_2018,1.9,1
NEON.PLA.D08.TALL.13018,TALL_060,vst_TALL_2018,2.1,1
NEON.PLA.D08.TALL.13019,TALL_061,vst_TALL_2018,NA,1
NEON.PLA.D08.TALL.13020,TALL_061,vst_TALL_2018,NA,1
NEON.PLA.D08.TALL.13022,TALL_057,vst_TALL_2018,NA,1
NEON.PLA.D08.TALL.13023,TALL_057,vst_TALL_2018,NA,1
NEON.PLA.D08.TALL.13024,TALL_057,vst_TALL_2018,NA,1
NEON.PLA.D08.TALL.13107,TALL_052,vst_TALL_2018,1.2,2
NEON.PLA.D08.TALL.13109,TALL_052,vst_TALL_2018,0.8,1
NEON.PLA.D08.TALL.13111,TALL_051,vst_TALL_2018,1.9,1
NEON.PLA.D08.TALL.13112,TALL_051,vst_TALL_2018,1.5,2
NEON.PLA.D08.TALL.13121,TALL_055,vst_TALL_2018,NA,1
NEON.PLA.D08.TALL.13122,TALL_055,vst_TALL_2018,NA,1
NEON.PLA.D08.TALL.13123,TALL_055,vst_TALL_2018,1.5,1
NEON.PLA.D08.TALL.13124,TALL_059,vst_TALL_2018,NA,1
NEON.PLA.D08.TALL.13125,TALL_059,vst_TALL_2018,NA,1
NEON.PLA.D08.TALL.13126,TALL_059,vst_TALL_2018,NA,1
NEON.PLA.D08.TALL.13127,TALL_059,vst_TALL_2018,2,1
NEON.PLA.D08.TALL.13128,TALL_059,vst_TALL_2018,1.3,1
NEON.PLA.D08.TALL.13129,TALL_059,vst_TALL_2018,1.1,1
NEON.PLA.D08.TALL.13130,TALL_059,vst_TALL_2018,1.1,1
NEON.PLA.D08.TALL.13131,TALL_059,vst_TALL_2018,1.7,1
NEON.PLA.D08.TALL.13132,TALL_059,vst_TALL_2018,NA,1
NEON.PLA.D08.TALL.13133,TALL_058,vst_TALL_2018,NA,1
NEON.PLA.D08.TALL.13134,TALL_058,vst_TALL_2018,0.9,1
NEON.PLA.D08.TALL.13135,TALL_058,vst_TALL_2018,1.6,2
NEON.PLA.D08.TALL.14501,TALL_043,vst_TALL_2018,0.8,2
NEON.PLA.D08.TALL.14502,TALL_043,vst_TALL_2018,0.8,1
NEON.PLA.D08.TALL.14503,TALL_043,vst_TALL_2018,1,1
NEON.PLA.D08.TALL.14504,TALL_042,vst_TALL_2018,1.2,1
NEON.PLA.D08.TALL.14505,TALL_042,vst_TALL_2018,0.9,1
NEON.PLA.D08.TALL.14506,TALL_042,vst_TALL_2018,1.1,1
NEON.PLA.D08.TALL.14507,TALL_049,vst_TALL_2018,1.1,1
NEON.PLA.D08.TALL.14508,TALL_048,vst_TALL_2018,1.7,1
NEON.PLA.D08.TALL.14509,TALL_048,vst_TALL_2018,19.6,1
NEON.PLA.D08.TALL.14510,TALL_045,vst_TALL_2018,1.4,1
NEON.PLA.D08.TALL.14520,TALL_061,vst_TALL_2018,10.7,1
NEON.PLA.D08.TALL.14521,TALL_057,vst_TALL_2018,11.6,1
NEON.PLA.D08.TALL.14649,TALL_045,vst_TALL_2018,1.9,3
NEON.PLA.D08.TALL.14650,TALL_045,vst_TALL_2018,2.5,2
NEON.PLA.D08.TALL.14651,TALL_045,vst_TALL_2018,1.4,1
NEON.PLA.D08.TALL.14652,TALL_045,vst_TALL_2018,1.9,3
NEON.PLA.D08.TALL.14653,TALL_045,vst_TALL_2018,1.9,1
NEON.PLA.D08.TALL.14654,TALL_045,vst_TALL_2018,NA,1
NEON.PLA.D08.TALL.14655,TALL_045,vst_TALL_2018,NA,1
NEON.PLA.D08.TALL.14656,TALL_047,vst_TALL_2018,NA,1
NEON.PLA.D08.TALL.14657,TALL_047,vst_TALL_2018,NA,1
NEON.PLA.D08.TALL.14658,TALL_047,vst_TALL_2018,NA,1
NEON.PLA.D08.TALL.14659,TALL_047,vst_TALL_2018,1,1
NEON.PLA.D08.TALL.14660,TALL_047,vst_TALL_2018,1.4,1
NEON.PLA.D08.TALL.14661,TALL_047,vst_TALL_2018,1.5,1
NEON.PLA.D08.TALL.14662,TALL_047,vst_TALL_2018,NA,1
NEON.PLA.D08.TALL.14663,TALL_047,vst_TALL_2018,0.8,1
NEON.PLA.D08.TALL.14665,TALL_042,vst_TALL_2018,12.6,1
NEON.PLA.D08.TALL.14666,TALL_042,vst_TALL_2018,13.1,1
NEON.PLA.D08.TALL.14701,TALL_060,vst_TALL_2018,1.6,1
